ID,Category,years_experience,education_level,certifications_count,skills_count,fit_score,fit_category
16852973,HR,15,2,3,1,20.0,Weak Fit
22323967,HR,0,4,0,2,40.0,Moderate Fit
33176873,HR,20,4,0,3,60.0,Strong Fit
27018550,HR,20,0,1,2,40.0,Moderate Fit
17812897,HR,0,3,0,4,80.0,Strong Fit
11592605,HR,0,0,2,1,20.0,Weak Fit
25824789,HR,0,3,0,2,40.0,Moderate Fit
15375009,HR,0,4,0,2,40.0,Moderate Fit
11847784,HR,15,3,0,4,80.0,Strong Fit
32896934,HR,0,3,2,0,0.0,Weak Fit
29149998,HR,3,2,1,2,40.0,Moderate Fit
11480899,HR,0,4,1,2,40.0,Moderate Fit
23155093,HR,0,2,0,4,80.0,Strong Fit
11763983,HR,0,4,1,2,40.0,Moderate Fit
27490876,HR,0,4,2,1,20.0,Weak Fit
32977530,HR,0,0,0,2,40.0,Moderate Fit
93002334,HR,0,3,1,2,40.0,Moderate Fit
24184357,HR,0,0,0,3,60.0,Strong Fit
73077810,HR,0,4,0,0,0.0,Weak Fit
13879043,HR,7,4,0,1,20.0,Weak Fit
30163002,HR,0,3,0,2,40.0,Moderate Fit
18827609,HR,3,3,0,5,100.0,Strong Fit
25676643,HR,9,4,0,5,100.0,Strong Fit
12786012,HR,0,4,2,2,40.0,Moderate Fit
87968870,HR,11,2,0,0,0.0,Weak Fit
46258701,HR,0,2,0,1,20.0,Weak Fit
14225422,HR,0,4,0,1,20.0,Weak Fit
29297973,HR,3,4,2,2,40.0,Moderate Fit
18334783,HR,20,4,0,4,80.0,Strong Fit
19717385,HR,0,4,2,2,40.0,Moderate Fit
49937469,HR,0,3,0,3,60.0,Strong Fit
18316239,HR,0,2,2,4,80.0,Strong Fit
17855844,HR,0,4,4,3,60.0,Strong Fit
57667857,HR,25,3,3,1,20.0,Weak Fit
17422560,HR,0,2,0,2,40.0,Moderate Fit
32947778,HR,0,3,0,3,60.0,Strong Fit
23914451,HR,0,3,1,2,40.0,Moderate Fit
21265194,HR,0,4,0,3,60.0,Strong Fit
51769822,HR,30,0,1,2,40.0,Moderate Fit
19616406,HR,10,0,2,1,20.0,Weak Fit
41523474,HR,0,4,0,2,40.0,Moderate Fit
59962788,HR,0,4,4,2,40.0,Moderate Fit
86184722,HR,0,4,0,2,40.0,Moderate Fit
28419173,HR,0,0,0,2,40.0,Moderate Fit
18155310,HR,0,2,4,2,40.0,Moderate Fit
26780935,HR,0,3,0,3,60.0,Strong Fit
34554248,HR,30,4,2,2,40.0,Moderate Fit
26202430,HR,0,4,0,3,60.0,Strong Fit
19867922,HR,0,4,0,1,20.0,Weak Fit
91930382,HR,0,4,0,0,0.0,Weak Fit
30646367,HR,15,4,2,1,20.0,Weak Fit
39650734,HR,5,4,2,3,60.0,Strong Fit
72231872,HR,18,4,0,3,60.0,Strong Fit
13520837,HR,5,3,1,3,60.0,Strong Fit
18422164,HR,0,4,0,1,20.0,Weak Fit
30862904,HR,10,3,1,3,60.0,Strong Fit
52979663,HR,3,3,0,1,20.0,Weak Fit
28828844,HR,0,2,0,3,60.0,Strong Fit
21830565,HR,15,3,3,1,20.0,Weak Fit
27523575,HR,6,3,0,3,60.0,Strong Fit
39081840,HR,0,3,2,5,100.0,Strong Fit
20925036,HR,0,4,0,3,60.0,Strong Fit
15576950,HR,0,1,0,1,20.0,Weak Fit
29564653,HR,6,3,1,2,40.0,Moderate Fit
14886205,HR,0,0,2,3,60.0,Strong Fit
17412079,HR,7,4,1,2,40.0,Moderate Fit
16861758,HR,0,0,2,1,20.0,Weak Fit
93112113,HR,0,2,1,1,20.0,Weak Fit
15041689,HR,15,1,0,1,20.0,Weak Fit
80162314,HR,12,4,0,2,40.0,Moderate Fit
20993320,HR,20,4,0,2,40.0,Moderate Fit
14640322,HR,20,3,0,2,40.0,Moderate Fit
26289308,HR,0,0,1,2,40.0,Moderate Fit
23408537,HR,10,2,4,2,40.0,Moderate Fit
28808263,HR,0,3,0,3,60.0,Strong Fit
18084150,HR,0,4,1,3,60.0,Strong Fit
26671167,HR,0,1,2,2,40.0,Moderate Fit
44476983,HR,0,3,0,3,60.0,Strong Fit
16877897,HR,4,4,0,2,40.0,Moderate Fit
29091445,HR,0,2,2,1,20.0,Weak Fit
25724495,HR,5,4,0,3,60.0,Strong Fit
24508725,HR,6,4,6,3,60.0,Strong Fit
11698189,HR,0,4,0,2,40.0,Moderate Fit
27165830,HR,0,3,2,4,80.0,Strong Fit
47470864,HR,0,2,1,2,40.0,Moderate Fit
34740556,HR,8,3,0,2,40.0,Moderate Fit
18557164,HR,0,4,1,4,80.0,Strong Fit
19179079,HR,6,3,0,3,60.0,Strong Fit
13376919,HR,0,4,0,1,20.0,Weak Fit
26048718,HR,0,5,0,4,80.0,Strong Fit
17150707,HR,0,0,0,3,60.0,Strong Fit
18297650,HR,10,4,0,2,40.0,Moderate Fit
23510685,HR,10,4,0,4,80.0,Strong Fit
39970711,HR,0,4,1,2,40.0,Moderate Fit
20806155,HR,0,4,1,3,60.0,Strong Fit
28640735,HR,5,0,0,3,60.0,Strong Fit
15575117,HR,0,4,1,1,20.0,Weak Fit
27496514,HR,0,4,0,2,40.0,Moderate Fit
14256329,HR,0,1,0,3,60.0,Strong Fit
19336728,HR,0,3,1,3,60.0,Strong Fit
10694288,HR,27,3,0,3,60.0,Strong Fit
28175164,HR,5,4,3,3,60.0,Strong Fit
10399912,HR,8,3,5,1,20.0,Weak Fit
20417897,HR,0,4,2,1,20.0,Weak Fit
18731098,HR,0,4,1,3,60.0,Strong Fit
30563572,HR,0,2,3,3,60.0,Strong Fit
24402267,HR,5,4,1,1,20.0,Weak Fit
32308556,HR,0,5,0,3,60.0,Strong Fit
27847081,HR,10,3,2,3,60.0,Strong Fit
25150191,HR,0,4,0,3,60.0,Strong Fit
37058472,DESIGNER,15,3,1,3,10.3,Weak Fit
68240723,DESIGNER,0,3,1,6,20.7,Weak Fit
76010167,DESIGNER,0,3,0,6,20.7,Weak Fit
19164410,DESIGNER,0,2,0,8,27.6,Weak Fit
29147100,DESIGNER,0,3,0,9,31.0,Moderate Fit
25061645,DESIGNER,0,3,0,6,20.7,Weak Fit
11919526,DESIGNER,0,4,6,3,10.3,Weak Fit
81011612,DESIGNER,0,0,0,3,10.3,Weak Fit
11722421,DESIGNER,0,4,0,3,10.3,Weak Fit
13774329,DESIGNER,15,3,1,1,3.4,Weak Fit
35990852,DESIGNER,0,0,0,4,13.8,Weak Fit
36269672,DESIGNER,44,2,0,3,10.3,Weak Fit
90066849,DESIGNER,28,4,1,1,3.4,Weak Fit
27529455,DESIGNER,0,5,0,7,24.1,Weak Fit
85101052,DESIGNER,5,3,1,1,3.4,Weak Fit
22567495,DESIGNER,0,4,1,1,3.4,Weak Fit
10751444,DESIGNER,5,4,1,4,13.8,Weak Fit
11807040,DESIGNER,0,4,2,2,6.9,Weak Fit
12415691,DESIGNER,3,3,2,4,13.8,Weak Fit
38565119,DESIGNER,0,3,1,3,10.3,Weak Fit
21705160,DESIGNER,0,1,0,0,0.0,Weak Fit
26496059,DESIGNER,3,2,2,11,37.9,Moderate Fit
29524570,DESIGNER,0,4,2,3,10.3,Weak Fit
15936656,DESIGNER,0,0,0,0,0.0,Weak Fit
13557622,DESIGNER,0,0,0,2,6.9,Weak Fit
41506705,DESIGNER,0,2,6,6,20.7,Weak Fit
32954522,DESIGNER,20,2,2,0,0.0,Weak Fit
44185767,DESIGNER,0,4,4,3,10.3,Weak Fit
14014749,DESIGNER,0,3,0,6,20.7,Weak Fit
34349255,DESIGNER,0,2,0,2,6.9,Weak Fit
16288901,DESIGNER,0,3,0,6,20.7,Weak Fit
25422388,DESIGNER,0,3,0,11,37.9,Moderate Fit
22496394,DESIGNER,0,1,0,2,6.9,Weak Fit
38744475,DESIGNER,0,3,0,1,3.4,Weak Fit
67582956,DESIGNER,16,3,0,3,10.3,Weak Fit
26676567,DESIGNER,0,4,1,13,44.8,Moderate Fit
14724186,DESIGNER,0,1,0,4,13.8,Weak Fit
10748989,DESIGNER,0,3,1,6,20.7,Weak Fit
26924514,DESIGNER,0,4,2,4,13.8,Weak Fit
12674307,DESIGNER,0,3,0,2,6.9,Weak Fit
23951429,DESIGNER,0,0,1,4,13.8,Weak Fit
26046064,DESIGNER,14,0,0,11,37.9,Moderate Fit
28326441,DESIGNER,0,0,0,7,24.1,Weak Fit
78149576,DESIGNER,0,2,2,1,3.4,Weak Fit
17555081,DESIGNER,0,4,1,5,17.2,Weak Fit
39776400,DESIGNER,0,2,1,1,3.4,Weak Fit
37263609,DESIGNER,0,4,0,3,10.3,Weak Fit
13518263,DESIGNER,27,2,0,0,0.0,Weak Fit
11155153,DESIGNER,0,4,4,4,13.8,Weak Fit
54201930,DESIGNER,0,3,0,4,13.8,Weak Fit
10466583,DESIGNER,0,2,0,1,3.4,Weak Fit
26790545,DESIGNER,5,3,0,9,31.0,Moderate Fit
11958994,DESIGNER,0,2,0,2,6.9,Weak Fit
30968749,DESIGNER,4,3,1,7,24.1,Weak Fit
20932019,DESIGNER,0,3,0,0,0.0,Weak Fit
51681660,DESIGNER,3,4,0,3,10.3,Weak Fit
34657584,DESIGNER,0,0,0,2,6.9,Weak Fit
15471999,DESIGNER,0,2,0,4,13.8,Weak Fit
18979238,DESIGNER,0,3,1,2,6.9,Weak Fit
26622051,DESIGNER,7,2,5,5,17.2,Weak Fit
22675694,DESIGNER,0,1,0,6,20.7,Weak Fit
25023614,DESIGNER,0,0,1,3,10.3,Weak Fit
20390397,DESIGNER,0,4,1,3,10.3,Weak Fit
17199951,DESIGNER,0,4,0,4,13.8,Weak Fit
14743911,DESIGNER,0,4,5,1,3.4,Weak Fit
24455357,DESIGNER,0,0,0,3,10.3,Weak Fit
91153752,DESIGNER,0,4,3,8,27.6,Weak Fit
14528265,DESIGNER,0,1,8,1,3.4,Weak Fit
18460045,DESIGNER,0,0,0,4,13.8,Weak Fit
20986595,DESIGNER,0,4,0,6,20.7,Weak Fit
20748926,DESIGNER,0,2,1,1,3.4,Weak Fit
32532982,DESIGNER,40,0,0,1,3.4,Weak Fit
34317538,DESIGNER,20,5,0,5,17.2,Weak Fit
19195747,DESIGNER,0,2,1,1,3.4,Weak Fit
12547982,DESIGNER,0,3,1,2,6.9,Weak Fit
94417768,DESIGNER,0,2,0,2,6.9,Weak Fit
24655918,DESIGNER,30,2,0,8,27.6,Weak Fit
27497542,DESIGNER,3,3,0,2,6.9,Weak Fit
62312955,DESIGNER,0,2,1,5,17.2,Weak Fit
22506245,DESIGNER,0,3,0,6,20.7,Weak Fit
28663949,DESIGNER,0,4,1,4,13.8,Weak Fit
39434376,DESIGNER,0,3,0,2,6.9,Weak Fit
13998435,DESIGNER,0,4,7,0,0.0,Weak Fit
30965258,DESIGNER,3,3,1,6,20.7,Weak Fit
18835363,DESIGNER,0,3,0,1,3.4,Weak Fit
26503829,DESIGNER,0,3,0,5,17.2,Weak Fit
18198627,DESIGNER,0,3,0,9,31.0,Moderate Fit
39252859,DESIGNER,19,3,0,2,6.9,Weak Fit
34051710,DESIGNER,0,0,0,4,13.8,Weak Fit
37664296,DESIGNER,0,4,0,10,34.5,Moderate Fit
21916744,DESIGNER,0,3,0,8,27.6,Weak Fit
15425154,DESIGNER,5,4,0,7,24.1,Weak Fit
24285142,DESIGNER,15,0,3,7,24.1,Weak Fit
24583187,DESIGNER,0,4,2,7,24.1,Weak Fit
29865476,DESIGNER,20,3,2,2,6.9,Weak Fit
25949631,DESIGNER,15,3,1,0,0.0,Weak Fit
21283733,DESIGNER,15,3,2,7,24.1,Weak Fit
51018476,DESIGNER,0,2,0,2,6.9,Weak Fit
13014900,DESIGNER,34,2,2,9,31.0,Moderate Fit
44145704,DESIGNER,0,4,1,3,10.3,Weak Fit
18795567,DESIGNER,20,4,2,6,20.7,Weak Fit
42384185,DESIGNER,0,4,0,7,24.1,Weak Fit
26942552,DESIGNER,0,3,0,1,3.4,Weak Fit
67645662,DESIGNER,10,1,0,2,6.9,Weak Fit
34511655,DESIGNER,0,3,0,2,6.9,Weak Fit
37695494,DESIGNER,0,3,5,2,6.9,Weak Fit
93301686,DESIGNER,0,4,4,1,3.4,Weak Fit
36856210,INFORMATION-TECHNOLOGY,37,2,0,3,11.5,Weak Fit
21780877,INFORMATION-TECHNOLOGY,0,1,1,2,7.7,Weak Fit
33241454,INFORMATION-TECHNOLOGY,5,2,7,3,11.5,Weak Fit
25990239,INFORMATION-TECHNOLOGY,0,5,0,2,7.7,Weak Fit
16899268,INFORMATION-TECHNOLOGY,0,0,3,3,11.5,Weak Fit
91635250,INFORMATION-TECHNOLOGY,0,0,0,3,11.5,Weak Fit
19796840,INFORMATION-TECHNOLOGY,0,2,5,5,19.2,Weak Fit
15651486,INFORMATION-TECHNOLOGY,0,2,1,1,3.8,Weak Fit
52246737,INFORMATION-TECHNOLOGY,5,2,3,1,3.8,Weak Fit
12045067,INFORMATION-TECHNOLOGY,0,4,0,2,7.7,Weak Fit
13836471,INFORMATION-TECHNOLOGY,0,0,2,1,3.8,Weak Fit
14789139,INFORMATION-TECHNOLOGY,25,4,0,4,15.4,Weak Fit
36434348,INFORMATION-TECHNOLOGY,10,4,0,5,19.2,Weak Fit
27536013,INFORMATION-TECHNOLOGY,10,4,0,4,15.4,Weak Fit
18301617,INFORMATION-TECHNOLOGY,0,3,4,6,23.1,Weak Fit
24913648,INFORMATION-TECHNOLOGY,0,3,2,2,7.7,Weak Fit
26801767,INFORMATION-TECHNOLOGY,30,2,5,3,11.5,Weak Fit
27372171,INFORMATION-TECHNOLOGY,10,4,3,2,7.7,Weak Fit
91697974,INFORMATION-TECHNOLOGY,5,4,6,6,23.1,Weak Fit
28672970,INFORMATION-TECHNOLOGY,20,3,2,4,15.4,Weak Fit
66832845,INFORMATION-TECHNOLOGY,0,0,0,2,7.7,Weak Fit
25207620,INFORMATION-TECHNOLOGY,20,2,6,2,7.7,Weak Fit
41344156,INFORMATION-TECHNOLOGY,18,3,0,4,15.4,Weak Fit
68460556,INFORMATION-TECHNOLOGY,0,0,1,2,7.7,Weak Fit
10247517,INFORMATION-TECHNOLOGY,0,4,2,5,19.2,Weak Fit
25959103,INFORMATION-TECHNOLOGY,0,4,3,2,7.7,Weak Fit
13385306,INFORMATION-TECHNOLOGY,0,4,0,3,11.5,Weak Fit
38753827,INFORMATION-TECHNOLOGY,0,2,5,3,11.5,Weak Fit
17681064,INFORMATION-TECHNOLOGY,15,4,3,3,11.5,Weak Fit
25905275,INFORMATION-TECHNOLOGY,10,4,0,5,19.2,Weak Fit
11580408,INFORMATION-TECHNOLOGY,0,3,13,3,11.5,Weak Fit
19201175,INFORMATION-TECHNOLOGY,0,0,0,2,7.7,Weak Fit
12635195,INFORMATION-TECHNOLOGY,0,4,3,4,15.4,Weak Fit
32959732,INFORMATION-TECHNOLOGY,3,4,0,5,19.2,Weak Fit
17688766,INFORMATION-TECHNOLOGY,0,0,0,3,11.5,Weak Fit
20024870,INFORMATION-TECHNOLOGY,0,4,0,3,11.5,Weak Fit
22450718,INFORMATION-TECHNOLOGY,5,3,2,3,11.5,Weak Fit
46260230,INFORMATION-TECHNOLOGY,10,2,2,6,23.1,Weak Fit
10839851,INFORMATION-TECHNOLOGY,0,0,0,0,0.0,Weak Fit
18752129,INFORMATION-TECHNOLOGY,5,4,3,0,0.0,Weak Fit
37764298,INFORMATION-TECHNOLOGY,0,0,5,4,15.4,Weak Fit
90867631,INFORMATION-TECHNOLOGY,22,4,11,6,23.1,Weak Fit
17641670,INFORMATION-TECHNOLOGY,0,2,23,6,23.1,Weak Fit
24889109,INFORMATION-TECHNOLOGY,3,4,7,3,11.5,Weak Fit
24083609,INFORMATION-TECHNOLOGY,0,2,1,2,7.7,Weak Fit
24038620,INFORMATION-TECHNOLOGY,0,4,1,4,15.4,Weak Fit
29051656,INFORMATION-TECHNOLOGY,6,3,0,5,19.2,Weak Fit
20237244,INFORMATION-TECHNOLOGY,16,3,3,1,3.8,Weak Fit
20001721,INFORMATION-TECHNOLOGY,0,3,0,2,7.7,Weak Fit
92069209,INFORMATION-TECHNOLOGY,0,0,1,3,11.5,Weak Fit
13405733,INFORMATION-TECHNOLOGY,13,4,3,9,34.6,Moderate Fit
28697203,INFORMATION-TECHNOLOGY,7,4,1,3,11.5,Weak Fit
28035460,INFORMATION-TECHNOLOGY,10,4,0,2,7.7,Weak Fit
21283365,INFORMATION-TECHNOLOGY,0,4,0,4,15.4,Weak Fit
17987433,INFORMATION-TECHNOLOGY,0,4,0,1,3.8,Weak Fit
10553553,INFORMATION-TECHNOLOGY,0,4,1,3,11.5,Weak Fit
15118506,INFORMATION-TECHNOLOGY,0,3,5,5,19.2,Weak Fit
18176523,INFORMATION-TECHNOLOGY,0,3,4,3,11.5,Weak Fit
24020470,INFORMATION-TECHNOLOGY,0,2,2,2,7.7,Weak Fit
70089206,INFORMATION-TECHNOLOGY,0,4,0,4,15.4,Weak Fit
27770859,INFORMATION-TECHNOLOGY,0,4,0,5,19.2,Weak Fit
57002858,INFORMATION-TECHNOLOGY,0,2,0,4,15.4,Weak Fit
13477922,INFORMATION-TECHNOLOGY,0,2,9,1,3.8,Weak Fit
28126340,INFORMATION-TECHNOLOGY,9,4,3,6,23.1,Weak Fit
37242217,INFORMATION-TECHNOLOGY,18,4,0,6,23.1,Weak Fit
10089434,INFORMATION-TECHNOLOGY,0,3,2,3,11.5,Weak Fit
11957080,INFORMATION-TECHNOLOGY,8,0,10,5,19.2,Weak Fit
35325329,INFORMATION-TECHNOLOGY,0,4,6,3,11.5,Weak Fit
10840430,INFORMATION-TECHNOLOGY,0,4,2,4,15.4,Weak Fit
64017585,INFORMATION-TECHNOLOGY,0,0,0,2,7.7,Weak Fit
19850482,INFORMATION-TECHNOLOGY,0,0,0,4,15.4,Weak Fit
52618188,INFORMATION-TECHNOLOGY,0,0,0,4,15.4,Weak Fit
28897981,INFORMATION-TECHNOLOGY,0,4,1,5,19.2,Weak Fit
51639418,INFORMATION-TECHNOLOGY,0,5,0,5,19.2,Weak Fit
20674668,INFORMATION-TECHNOLOGY,0,4,0,5,19.2,Weak Fit
23527321,INFORMATION-TECHNOLOGY,0,4,0,3,11.5,Weak Fit
18159866,INFORMATION-TECHNOLOGY,0,0,0,5,19.2,Weak Fit
22776912,INFORMATION-TECHNOLOGY,0,2,0,5,19.2,Weak Fit
23864648,INFORMATION-TECHNOLOGY,20,3,0,1,3.8,Weak Fit
18187364,INFORMATION-TECHNOLOGY,0,4,3,1,3.8,Weak Fit
83816738,INFORMATION-TECHNOLOGY,3,4,0,14,53.8,Moderate Fit
20824105,INFORMATION-TECHNOLOGY,0,4,6,3,11.5,Weak Fit
33381211,INFORMATION-TECHNOLOGY,20,4,0,5,19.2,Weak Fit
16533554,INFORMATION-TECHNOLOGY,16,3,5,2,7.7,Weak Fit
20879311,INFORMATION-TECHNOLOGY,15,3,0,5,19.2,Weak Fit
31111279,INFORMATION-TECHNOLOGY,17,0,6,6,23.1,Weak Fit
17111768,INFORMATION-TECHNOLOGY,0,4,5,6,23.1,Weak Fit
11584809,INFORMATION-TECHNOLOGY,0,4,10,4,15.4,Weak Fit
20408458,INFORMATION-TECHNOLOGY,10,4,0,3,11.5,Weak Fit
91121135,INFORMATION-TECHNOLOGY,0,4,0,2,7.7,Weak Fit
24230851,INFORMATION-TECHNOLOGY,0,2,0,3,11.5,Weak Fit
40018190,INFORMATION-TECHNOLOGY,0,3,1,1,3.8,Weak Fit
16186411,INFORMATION-TECHNOLOGY,2,4,0,6,23.1,Weak Fit
29975124,INFORMATION-TECHNOLOGY,20,3,0,5,19.2,Weak Fit
26746496,INFORMATION-TECHNOLOGY,2,4,0,6,23.1,Weak Fit
89413122,INFORMATION-TECHNOLOGY,0,0,1,1,3.8,Weak Fit
12334140,INFORMATION-TECHNOLOGY,0,3,1,2,7.7,Weak Fit
10641230,INFORMATION-TECHNOLOGY,4,2,5,4,15.4,Weak Fit
10265057,INFORMATION-TECHNOLOGY,0,0,0,5,19.2,Weak Fit
30223363,INFORMATION-TECHNOLOGY,0,4,0,5,19.2,Weak Fit
15791766,INFORMATION-TECHNOLOGY,9,4,7,3,11.5,Weak Fit
29075857,INFORMATION-TECHNOLOGY,0,4,1,6,23.1,Weak Fit
12763627,INFORMATION-TECHNOLOGY,0,4,1,6,23.1,Weak Fit
39718499,INFORMATION-TECHNOLOGY,0,3,0,3,11.5,Weak Fit
27058381,INFORMATION-TECHNOLOGY,7,0,1,3,11.5,Weak Fit
25857360,INFORMATION-TECHNOLOGY,14,2,0,2,7.7,Weak Fit
26768723,INFORMATION-TECHNOLOGY,0,3,0,0,0.0,Weak Fit
31243710,INFORMATION-TECHNOLOGY,0,2,4,4,15.4,Weak Fit
15297298,INFORMATION-TECHNOLOGY,0,4,6,4,15.4,Weak Fit
27295996,INFORMATION-TECHNOLOGY,0,3,1,4,15.4,Weak Fit
39413067,INFORMATION-TECHNOLOGY,0,2,0,5,19.2,Weak Fit
48037995,INFORMATION-TECHNOLOGY,0,4,1,2,7.7,Weak Fit
15802627,INFORMATION-TECHNOLOGY,0,3,6,1,3.8,Weak Fit
51363762,INFORMATION-TECHNOLOGY,0,3,8,4,15.4,Weak Fit
18067556,INFORMATION-TECHNOLOGY,0,4,1,6,23.1,Weak Fit
27485716,INFORMATION-TECHNOLOGY,0,3,2,4,15.4,Weak Fit
26480367,INFORMATION-TECHNOLOGY,0,3,1,3,11.5,Weak Fit
81761658,INFORMATION-TECHNOLOGY,0,3,0,4,15.4,Weak Fit
79541391,INFORMATION-TECHNOLOGY,0,3,4,2,7.7,Weak Fit
23666211,INFORMATION-TECHNOLOGY,10,4,1,1,3.8,Weak Fit
12467531,TEACHER,0,4,0,3,60.0,Strong Fit
19918523,TEACHER,0,4,0,3,60.0,Strong Fit
62184086,TEACHER,0,4,0,3,60.0,Strong Fit
28063132,TEACHER,0,3,0,2,40.0,Moderate Fit
29797594,TEACHER,0,3,0,1,20.0,Weak Fit
22408666,TEACHER,4,3,8,1,20.0,Weak Fit
13087952,TEACHER,0,0,7,3,60.0,Strong Fit
15850434,TEACHER,0,3,4,2,40.0,Moderate Fit
28772892,TEACHER,0,4,1,3,60.0,Strong Fit
33704389,TEACHER,0,3,3,2,40.0,Moderate Fit
16210888,TEACHER,0,4,2,2,40.0,Moderate Fit
38750659,TEACHER,2,4,0,2,40.0,Moderate Fit
90363254,TEACHER,5,4,0,1,20.0,Weak Fit
66906212,TEACHER,0,3,1,1,20.0,Weak Fit
34745915,TEACHER,0,3,0,0,0.0,Weak Fit
34689720,TEACHER,11,4,0,1,20.0,Weak Fit
48547319,TEACHER,0,2,3,1,20.0,Weak Fit
19464810,TEACHER,10,3,0,1,20.0,Weak Fit
28086303,TEACHER,0,4,2,1,20.0,Weak Fit
13855004,TEACHER,0,4,3,2,40.0,Moderate Fit
35421497,TEACHER,0,3,1,2,40.0,Moderate Fit
69005326,TEACHER,0,1,4,1,20.0,Weak Fit
18001081,TEACHER,0,4,1,1,20.0,Weak Fit
14958913,TEACHER,0,0,1,1,20.0,Weak Fit
13296856,TEACHER,9,4,5,3,60.0,Strong Fit
63391085,TEACHER,0,4,1,3,60.0,Strong Fit
23939133,TEACHER,5,3,2,0,0.0,Weak Fit
96547039,TEACHER,0,2,2,1,20.0,Weak Fit
22807104,TEACHER,5,4,1,3,60.0,Strong Fit
23628651,TEACHER,5,3,0,4,80.0,Strong Fit
29486525,TEACHER,5,3,1,2,40.0,Moderate Fit
22510753,TEACHER,0,0,0,4,80.0,Strong Fit
21773106,TEACHER,7,4,4,3,60.0,Strong Fit
34465087,TEACHER,15,2,2,1,20.0,Weak Fit
24791126,TEACHER,0,4,0,0,0.0,Weak Fit
15899269,TEACHER,0,4,0,0,0.0,Weak Fit
37402097,TEACHER,0,1,1,2,40.0,Moderate Fit
36206485,TEACHER,0,3,1,3,60.0,Strong Fit
36569713,TEACHER,20,4,0,2,40.0,Moderate Fit
28013287,TEACHER,0,3,3,2,40.0,Moderate Fit
29267293,TEACHER,0,3,2,1,20.0,Weak Fit
45286020,TEACHER,19,4,2,1,20.0,Weak Fit
13330982,TEACHER,0,4,1,2,40.0,Moderate Fit
22551979,TEACHER,0,3,0,3,60.0,Strong Fit
29639533,TEACHER,10,4,1,2,40.0,Moderate Fit
49285644,TEACHER,0,4,0,3,60.0,Strong Fit
16270906,TEACHER,0,3,0,2,40.0,Moderate Fit
27531694,TEACHER,10,4,4,2,40.0,Moderate Fit
74816727,TEACHER,0,3,0,2,40.0,Moderate Fit
23398843,TEACHER,10,2,2,3,60.0,Strong Fit
31552617,TEACHER,0,4,2,2,40.0,Moderate Fit
19556300,TEACHER,9,3,1,1,20.0,Weak Fit
66683238,TEACHER,0,4,2,2,40.0,Moderate Fit
17311685,TEACHER,0,0,1,2,40.0,Moderate Fit
17481570,TEACHER,0,4,3,2,40.0,Moderate Fit
22884757,TEACHER,0,3,2,3,60.0,Strong Fit
58708773,TEACHER,0,2,0,0,0.0,Weak Fit
10527994,TEACHER,0,3,0,1,20.0,Weak Fit
69532425,TEACHER,0,3,2,1,20.0,Weak Fit
20399718,TEACHER,0,4,0,2,40.0,Moderate Fit
19302310,TEACHER,0,3,0,1,20.0,Weak Fit
51209395,TEACHER,0,2,0,3,60.0,Strong Fit
22632070,TEACHER,25,4,0,0,0.0,Weak Fit
22056333,TEACHER,0,2,5,0,0.0,Weak Fit
11336022,TEACHER,0,2,0,2,40.0,Moderate Fit
11616482,TEACHER,14,4,0,2,40.0,Moderate Fit
34033933,TEACHER,0,3,0,2,40.0,Moderate Fit
21531811,TEACHER,0,2,0,0,0.0,Weak Fit
20626794,TEACHER,0,2,1,1,20.0,Weak Fit
58665241,TEACHER,0,4,3,1,20.0,Weak Fit
37660306,TEACHER,0,3,3,1,20.0,Weak Fit
13583538,TEACHER,3,2,1,2,40.0,Moderate Fit
20230207,TEACHER,11,4,1,1,20.0,Weak Fit
28642819,TEACHER,12,3,2,3,60.0,Strong Fit
16820422,TEACHER,0,4,0,0,0.0,Weak Fit
29930479,TEACHER,0,4,5,1,20.0,Weak Fit
25588694,TEACHER,12,4,6,0,0.0,Weak Fit
86597425,TEACHER,0,3,1,2,40.0,Moderate Fit
10909720,TEACHER,0,4,1,0,0.0,Weak Fit
28933005,TEACHER,0,3,1,1,20.0,Weak Fit
53129155,TEACHER,0,3,2,3,60.0,Strong Fit
11943065,TEACHER,0,4,5,0,0.0,Weak Fit
45987048,TEACHER,0,3,0,2,40.0,Moderate Fit
99244405,TEACHER,0,4,0,3,60.0,Strong Fit
32067700,TEACHER,0,3,0,1,20.0,Weak Fit
27126818,TEACHER,0,4,2,4,80.0,Strong Fit
19786924,TEACHER,25,2,6,1,20.0,Weak Fit
70892619,TEACHER,0,3,4,0,0.0,Weak Fit
25729119,TEACHER,0,4,1,1,20.0,Weak Fit
58105060,TEACHER,0,4,0,1,20.0,Weak Fit
12587973,TEACHER,8,3,1,3,60.0,Strong Fit
21611212,TEACHER,7,1,2,0,0.0,Weak Fit
21550454,TEACHER,16,4,0,2,40.0,Moderate Fit
86322251,TEACHER,15,4,1,2,40.0,Moderate Fit
22968380,TEACHER,0,4,0,3,60.0,Strong Fit
10504237,TEACHER,0,3,2,0,0.0,Weak Fit
24240349,TEACHER,16,4,0,3,60.0,Strong Fit
20478831,TEACHER,0,4,0,2,40.0,Moderate Fit
79663360,TEACHER,0,4,0,3,60.0,Strong Fit
76196367,TEACHER,20,4,0,0,0.0,Weak Fit
27524018,TEACHER,0,4,0,0,0.0,Weak Fit
27798860,TEACHER,10,4,1,4,80.0,Strong Fit
14445309,ADVOCATE,0,4,0,2,40.0,Moderate Fit
35474904,ADVOCATE,0,1,0,2,40.0,Moderate Fit
37348041,ADVOCATE,10,3,6,1,20.0,Weak Fit
89508407,ADVOCATE,0,3,0,1,20.0,Weak Fit
25873425,ADVOCATE,0,4,2,2,40.0,Moderate Fit
31040875,ADVOCATE,0,3,0,0,0.0,Weak Fit
11188218,ADVOCATE,4,3,0,2,40.0,Moderate Fit
73448369,ADVOCATE,0,2,2,2,40.0,Moderate Fit
42164460,ADVOCATE,0,2,2,4,80.0,Strong Fit
18725071,ADVOCATE,10,4,2,1,20.0,Weak Fit
28974459,ADVOCATE,0,0,8,2,40.0,Moderate Fit
38291889,ADVOCATE,0,4,0,2,40.0,Moderate Fit
12171093,ADVOCATE,0,2,1,3,60.0,Strong Fit
13967854,ADVOCATE,0,0,2,2,40.0,Moderate Fit
90468982,ADVOCATE,4,1,0,2,40.0,Moderate Fit
49475708,ADVOCATE,4,1,0,0,0.0,Weak Fit
54067174,ADVOCATE,0,1,1,0,0.0,Weak Fit
49486820,ADVOCATE,0,2,0,2,40.0,Moderate Fit
38860712,ADVOCATE,0,3,0,2,40.0,Moderate Fit
16332348,ADVOCATE,0,4,0,2,40.0,Moderate Fit
34970271,ADVOCATE,0,4,0,0,0.0,Weak Fit
14064815,ADVOCATE,0,4,0,3,60.0,Strong Fit
12544735,ADVOCATE,7,4,2,2,40.0,Moderate Fit
20138606,ADVOCATE,12,4,0,3,60.0,Strong Fit
36694627,ADVOCATE,0,1,0,2,40.0,Moderate Fit
29926588,ADVOCATE,10,4,0,3,60.0,Strong Fit
28206098,ADVOCATE,15,0,2,1,20.0,Weak Fit
20765795,ADVOCATE,10,0,3,3,60.0,Strong Fit
20272792,ADVOCATE,0,0,0,2,40.0,Moderate Fit
20324037,ADVOCATE,0,3,0,2,40.0,Moderate Fit
53169257,ADVOCATE,0,5,0,2,40.0,Moderate Fit
24588864,ADVOCATE,0,4,0,4,80.0,Strong Fit
11963737,ADVOCATE,2,3,0,1,20.0,Weak Fit
13593241,ADVOCATE,0,1,0,1,20.0,Weak Fit
22391901,ADVOCATE,5,4,0,2,40.0,Moderate Fit
10344379,ADVOCATE,0,0,1,3,60.0,Strong Fit
74126637,ADVOCATE,0,3,1,3,60.0,Strong Fit
26071861,ADVOCATE,0,3,0,1,20.0,Weak Fit
24410405,ADVOCATE,25,4,0,2,40.0,Moderate Fit
14146106,ADVOCATE,16,1,0,2,40.0,Moderate Fit
74191424,ADVOCATE,0,4,0,1,20.0,Weak Fit
10186968,ADVOCATE,0,1,0,2,40.0,Moderate Fit
20400279,ADVOCATE,15,2,0,2,40.0,Moderate Fit
23427369,ADVOCATE,18,3,5,2,40.0,Moderate Fit
95714702,ADVOCATE,0,4,0,2,40.0,Moderate Fit
18997135,ADVOCATE,8,3,0,3,60.0,Strong Fit
11773767,ADVOCATE,0,3,1,2,40.0,Moderate Fit
78538268,ADVOCATE,0,3,1,2,40.0,Moderate Fit
13909762,ADVOCATE,0,1,7,1,20.0,Weak Fit
20604208,ADVOCATE,0,1,1,3,60.0,Strong Fit
72652441,ADVOCATE,0,1,0,3,60.0,Strong Fit
24754689,ADVOCATE,0,4,0,2,40.0,Moderate Fit
75057933,ADVOCATE,0,4,0,3,60.0,Strong Fit
19063156,ADVOCATE,20,2,3,2,40.0,Moderate Fit
91051945,ADVOCATE,0,3,2,3,60.0,Strong Fit
14176254,ADVOCATE,0,4,0,0,0.0,Weak Fit
22259475,ADVOCATE,0,2,0,2,40.0,Moderate Fit
37560528,ADVOCATE,2,1,0,2,40.0,Moderate Fit
23577836,ADVOCATE,0,3,0,2,40.0,Moderate Fit
36392131,ADVOCATE,20,3,0,1,20.0,Weak Fit
32965335,ADVOCATE,18,3,1,3,60.0,Strong Fit
21614256,ADVOCATE,0,4,0,2,40.0,Moderate Fit
97405769,ADVOCATE,15,4,0,2,40.0,Moderate Fit
95970987,ADVOCATE,0,4,0,1,20.0,Weak Fit
17021141,ADVOCATE,0,4,1,3,60.0,Strong Fit
15337481,ADVOCATE,0,2,0,1,20.0,Weak Fit
75950464,ADVOCATE,6,4,0,2,40.0,Moderate Fit
19518606,ADVOCATE,0,0,2,2,40.0,Moderate Fit
15727656,ADVOCATE,0,2,0,3,60.0,Strong Fit
31242382,ADVOCATE,0,2,0,2,40.0,Moderate Fit
29173771,ADVOCATE,0,1,0,3,60.0,Strong Fit
19108760,ADVOCATE,0,4,1,4,80.0,Strong Fit
14708590,ADVOCATE,10,3,0,2,40.0,Moderate Fit
77439230,ADVOCATE,0,0,0,4,80.0,Strong Fit
40088790,ADVOCATE,0,3,0,3,60.0,Strong Fit
22042181,ADVOCATE,29,2,1,3,60.0,Strong Fit
29415426,ADVOCATE,10,3,1,0,0.0,Weak Fit
37333719,ADVOCATE,0,4,0,0,0.0,Weak Fit
15313140,ADVOCATE,0,4,0,0,0.0,Weak Fit
13072354,ADVOCATE,0,3,1,1,20.0,Weak Fit
20544228,ADVOCATE,0,3,2,2,40.0,Moderate Fit
30741799,ADVOCATE,7,4,1,1,20.0,Weak Fit
17847636,ADVOCATE,3,0,4,2,40.0,Moderate Fit
80503242,ADVOCATE,19,4,0,2,40.0,Moderate Fit
26456474,ADVOCATE,10,2,6,1,20.0,Weak Fit
10818478,ADVOCATE,0,1,0,2,40.0,Moderate Fit
24124250,ADVOCATE,0,2,3,3,60.0,Strong Fit
37640804,ADVOCATE,4,3,5,2,40.0,Moderate Fit
27182111,ADVOCATE,4,4,2,3,60.0,Strong Fit
11174187,ADVOCATE,20,0,5,1,20.0,Weak Fit
47133747,ADVOCATE,0,2,0,3,60.0,Strong Fit
10659182,ADVOCATE,10,3,3,2,40.0,Moderate Fit
35344611,ADVOCATE,0,2,3,2,40.0,Moderate Fit
13342150,ADVOCATE,0,3,0,2,40.0,Moderate Fit
28111403,ADVOCATE,0,4,0,3,60.0,Strong Fit
34327438,ADVOCATE,0,4,2,1,20.0,Weak Fit
15958967,ADVOCATE,0,5,3,2,40.0,Moderate Fit
13115648,ADVOCATE,0,2,1,4,80.0,Strong Fit
46772262,ADVOCATE,0,4,4,3,60.0,Strong Fit
38059130,ADVOCATE,0,4,2,3,60.0,Strong Fit
24695561,ADVOCATE,0,3,2,3,60.0,Strong Fit
93512385,ADVOCATE,0,1,1,0,0.0,Weak Fit
38698573,ADVOCATE,0,2,1,3,60.0,Strong Fit
18090899,ADVOCATE,0,3,2,3,60.0,Strong Fit
23804341,ADVOCATE,10,2,3,1,20.0,Weak Fit
29177904,ADVOCATE,13,4,0,2,40.0,Moderate Fit
17911230,ADVOCATE,25,3,5,2,40.0,Moderate Fit
19926135,ADVOCATE,0,3,1,2,40.0,Moderate Fit
44115326,ADVOCATE,7,4,1,2,40.0,Moderate Fit
75435017,ADVOCATE,13,2,0,0,0.0,Weak Fit
19234823,ADVOCATE,0,3,0,3,60.0,Strong Fit
13809698,ADVOCATE,0,4,1,1,20.0,Weak Fit
17254634,ADVOCATE,0,2,2,1,20.0,Weak Fit
28871170,ADVOCATE,0,0,0,2,40.0,Moderate Fit
24946537,ADVOCATE,35,0,0,1,20.0,Weak Fit
28635795,ADVOCATE,0,3,0,2,40.0,Moderate Fit
24763208,ADVOCATE,0,3,1,1,20.0,Weak Fit
17165107,ADVOCATE,0,4,3,1,20.0,Weak Fit
65708020,BUSINESS-DEVELOPMENT,10,3,0,1,20.0,Weak Fit
36805025,BUSINESS-DEVELOPMENT,17,3,8,3,60.0,Strong Fit
13080868,BUSINESS-DEVELOPMENT,0,3,0,0,0.0,Weak Fit
20748929,BUSINESS-DEVELOPMENT,0,3,0,2,40.0,Moderate Fit
26581830,BUSINESS-DEVELOPMENT,0,1,0,3,60.0,Strong Fit
38688388,BUSINESS-DEVELOPMENT,0,3,0,2,40.0,Moderate Fit
25397102,BUSINESS-DEVELOPMENT,0,4,0,3,60.0,Strong Fit
12059198,BUSINESS-DEVELOPMENT,4,4,0,3,60.0,Strong Fit
10228751,BUSINESS-DEVELOPMENT,10,3,0,1,20.0,Weak Fit
61677751,BUSINESS-DEVELOPMENT,15,3,1,1,20.0,Weak Fit
20553895,BUSINESS-DEVELOPMENT,0,0,1,3,60.0,Strong Fit
18757174,BUSINESS-DEVELOPMENT,0,3,0,3,60.0,Strong Fit
14726000,BUSINESS-DEVELOPMENT,0,4,2,3,60.0,Strong Fit
29208172,BUSINESS-DEVELOPMENT,0,4,2,4,80.0,Strong Fit
40792022,BUSINESS-DEVELOPMENT,0,4,0,2,40.0,Moderate Fit
17095812,BUSINESS-DEVELOPMENT,20,4,0,2,40.0,Moderate Fit
27850777,BUSINESS-DEVELOPMENT,5,3,0,2,40.0,Moderate Fit
90629382,BUSINESS-DEVELOPMENT,0,0,2,4,80.0,Strong Fit
34797369,BUSINESS-DEVELOPMENT,0,3,0,2,40.0,Moderate Fit
98379112,BUSINESS-DEVELOPMENT,17,3,0,3,60.0,Strong Fit
37521676,BUSINESS-DEVELOPMENT,20,3,6,4,80.0,Strong Fit
10501991,BUSINESS-DEVELOPMENT,0,3,2,2,40.0,Moderate Fit
18293620,BUSINESS-DEVELOPMENT,12,3,0,1,20.0,Weak Fit
19557384,BUSINESS-DEVELOPMENT,7,4,0,2,40.0,Moderate Fit
15423153,BUSINESS-DEVELOPMENT,10,4,0,4,80.0,Strong Fit
20357858,BUSINESS-DEVELOPMENT,15,3,0,3,60.0,Strong Fit
12546838,BUSINESS-DEVELOPMENT,11,4,3,3,60.0,Strong Fit
24647386,BUSINESS-DEVELOPMENT,0,3,0,0,0.0,Weak Fit
23568641,BUSINESS-DEVELOPMENT,20,3,0,2,40.0,Moderate Fit
22423839,BUSINESS-DEVELOPMENT,0,0,0,1,20.0,Weak Fit
19738730,BUSINESS-DEVELOPMENT,0,0,0,1,20.0,Weak Fit
32531824,BUSINESS-DEVELOPMENT,0,2,0,1,20.0,Weak Fit
34046031,BUSINESS-DEVELOPMENT,0,4,1,1,20.0,Weak Fit
14825300,BUSINESS-DEVELOPMENT,0,4,3,3,60.0,Strong Fit
37391947,BUSINESS-DEVELOPMENT,10,2,0,1,20.0,Weak Fit
26896699,BUSINESS-DEVELOPMENT,0,4,1,0,0.0,Weak Fit
11289482,BUSINESS-DEVELOPMENT,0,3,0,3,60.0,Strong Fit
29908929,BUSINESS-DEVELOPMENT,5,3,0,3,60.0,Strong Fit
10704573,BUSINESS-DEVELOPMENT,10,4,0,2,40.0,Moderate Fit
14990354,BUSINESS-DEVELOPMENT,0,4,1,3,60.0,Strong Fit
24964303,BUSINESS-DEVELOPMENT,20,4,0,4,80.0,Strong Fit
82118447,BUSINESS-DEVELOPMENT,0,4,2,3,60.0,Strong Fit
18236085,BUSINESS-DEVELOPMENT,6,3,0,2,40.0,Moderate Fit
29825044,BUSINESS-DEVELOPMENT,8,3,2,1,20.0,Weak Fit
77576845,BUSINESS-DEVELOPMENT,22,3,1,3,60.0,Strong Fit
39237915,BUSINESS-DEVELOPMENT,15,4,1,3,60.0,Strong Fit
28916894,BUSINESS-DEVELOPMENT,0,0,1,3,60.0,Strong Fit
26278597,BUSINESS-DEVELOPMENT,0,3,0,3,60.0,Strong Fit
80275976,BUSINESS-DEVELOPMENT,0,4,2,3,60.0,Strong Fit
11088337,BUSINESS-DEVELOPMENT,0,3,0,1,20.0,Weak Fit
23396633,BUSINESS-DEVELOPMENT,0,4,1,1,20.0,Weak Fit
12814706,BUSINESS-DEVELOPMENT,0,2,0,2,40.0,Moderate Fit
39875803,BUSINESS-DEVELOPMENT,5,3,0,1,20.0,Weak Fit
30938994,BUSINESS-DEVELOPMENT,0,4,0,3,60.0,Strong Fit
16694152,BUSINESS-DEVELOPMENT,0,3,1,2,40.0,Moderate Fit
15233524,BUSINESS-DEVELOPMENT,0,4,0,2,40.0,Moderate Fit
81310245,BUSINESS-DEVELOPMENT,0,3,0,2,40.0,Moderate Fit
22025574,BUSINESS-DEVELOPMENT,37,4,1,2,40.0,Moderate Fit
13888506,BUSINESS-DEVELOPMENT,0,3,1,3,60.0,Strong Fit
79759716,BUSINESS-DEVELOPMENT,0,0,3,1,20.0,Weak Fit
10541358,BUSINESS-DEVELOPMENT,0,2,0,3,60.0,Strong Fit
31638814,BUSINESS-DEVELOPMENT,6,3,0,1,20.0,Weak Fit
25370801,BUSINESS-DEVELOPMENT,0,3,0,0,0.0,Weak Fit
27796199,BUSINESS-DEVELOPMENT,0,0,0,2,40.0,Moderate Fit
10289113,BUSINESS-DEVELOPMENT,8,3,0,2,40.0,Moderate Fit
27219200,BUSINESS-DEVELOPMENT,0,3,3,2,40.0,Moderate Fit
10235211,BUSINESS-DEVELOPMENT,0,3,0,2,40.0,Moderate Fit
14287992,BUSINESS-DEVELOPMENT,0,4,0,3,60.0,Strong Fit
47067533,BUSINESS-DEVELOPMENT,0,3,0,2,40.0,Moderate Fit
14241621,BUSINESS-DEVELOPMENT,7,4,0,3,60.0,Strong Fit
27213082,BUSINESS-DEVELOPMENT,8,4,5,3,60.0,Strong Fit
31813535,BUSINESS-DEVELOPMENT,8,4,6,3,60.0,Strong Fit
17115815,BUSINESS-DEVELOPMENT,0,2,1,2,40.0,Moderate Fit
20317319,BUSINESS-DEVELOPMENT,10,2,0,1,20.0,Weak Fit
38007664,BUSINESS-DEVELOPMENT,32,0,1,2,40.0,Moderate Fit
24412546,BUSINESS-DEVELOPMENT,5,4,0,1,20.0,Weak Fit
29014805,BUSINESS-DEVELOPMENT,15,4,5,4,80.0,Strong Fit
12377803,BUSINESS-DEVELOPMENT,0,4,0,1,20.0,Weak Fit
32385553,BUSINESS-DEVELOPMENT,0,1,0,3,60.0,Strong Fit
13199813,BUSINESS-DEVELOPMENT,0,3,0,3,60.0,Strong Fit
11551946,BUSINESS-DEVELOPMENT,20,4,0,1,20.0,Weak Fit
22765255,BUSINESS-DEVELOPMENT,12,4,3,3,60.0,Strong Fit
20427934,BUSINESS-DEVELOPMENT,0,3,0,2,40.0,Moderate Fit
35673335,BUSINESS-DEVELOPMENT,2,0,0,0,0.0,Weak Fit
16846478,BUSINESS-DEVELOPMENT,0,3,0,1,20.0,Weak Fit
89197180,BUSINESS-DEVELOPMENT,0,3,2,2,40.0,Moderate Fit
36574147,BUSINESS-DEVELOPMENT,15,4,0,1,20.0,Weak Fit
27004930,BUSINESS-DEVELOPMENT,0,3,0,3,60.0,Strong Fit
12230301,BUSINESS-DEVELOPMENT,20,2,0,3,60.0,Strong Fit
59696315,BUSINESS-DEVELOPMENT,0,2,0,4,80.0,Strong Fit
20633855,BUSINESS-DEVELOPMENT,3,0,1,1,20.0,Weak Fit
18311419,BUSINESS-DEVELOPMENT,0,3,1,1,20.0,Weak Fit
16091352,BUSINESS-DEVELOPMENT,2,4,1,0,0.0,Weak Fit
27375577,BUSINESS-DEVELOPMENT,14,4,0,0,0.0,Weak Fit
25813953,BUSINESS-DEVELOPMENT,0,4,0,1,20.0,Weak Fit
76916835,BUSINESS-DEVELOPMENT,0,3,0,2,40.0,Moderate Fit
17730889,BUSINESS-DEVELOPMENT,0,4,1,3,60.0,Strong Fit
67501448,BUSINESS-DEVELOPMENT,0,4,0,3,60.0,Strong Fit
17421910,BUSINESS-DEVELOPMENT,0,4,0,1,20.0,Weak Fit
12632728,BUSINESS-DEVELOPMENT,0,0,0,0,0.0,Weak Fit
91467795,BUSINESS-DEVELOPMENT,0,3,0,2,40.0,Moderate Fit
13574264,BUSINESS-DEVELOPMENT,0,3,0,2,40.0,Moderate Fit
27139412,BUSINESS-DEVELOPMENT,0,0,0,3,60.0,Strong Fit
14070138,BUSINESS-DEVELOPMENT,0,3,2,2,40.0,Moderate Fit
15811992,BUSINESS-DEVELOPMENT,30,4,0,2,40.0,Moderate Fit
14871762,BUSINESS-DEVELOPMENT,5,4,2,3,60.0,Strong Fit
17597372,BUSINESS-DEVELOPMENT,0,3,5,0,0.0,Weak Fit
18937778,BUSINESS-DEVELOPMENT,15,3,0,1,20.0,Weak Fit
14861855,BUSINESS-DEVELOPMENT,0,4,0,3,60.0,Strong Fit
36170003,BUSINESS-DEVELOPMENT,13,3,0,2,40.0,Moderate Fit
27937592,BUSINESS-DEVELOPMENT,0,4,3,1,20.0,Weak Fit
16519708,BUSINESS-DEVELOPMENT,0,4,0,1,20.0,Weak Fit
17602815,BUSINESS-DEVELOPMENT,12,4,0,2,40.0,Moderate Fit
28337049,BUSINESS-DEVELOPMENT,0,3,0,1,20.0,Weak Fit
33424600,BUSINESS-DEVELOPMENT,10,3,0,1,20.0,Weak Fit
32042584,BUSINESS-DEVELOPMENT,0,3,0,0,0.0,Weak Fit
14752209,BUSINESS-DEVELOPMENT,0,1,0,2,40.0,Moderate Fit
31273310,BUSINESS-DEVELOPMENT,0,4,1,3,60.0,Strong Fit
14055971,BUSINESS-DEVELOPMENT,0,1,0,3,60.0,Strong Fit
95382114,BUSINESS-DEVELOPMENT,0,4,0,3,60.0,Strong Fit
23617240,HEALTHCARE,0,3,2,1,20.0,Weak Fit
23138078,HEALTHCARE,0,4,4,3,60.0,Strong Fit
51777546,HEALTHCARE,0,4,0,2,40.0,Moderate Fit
69199666,HEALTHCARE,0,3,2,0,0.0,Weak Fit
93988900,HEALTHCARE,10,4,4,4,80.0,Strong Fit
41910253,HEALTHCARE,0,2,0,5,100.0,Strong Fit
28670024,HEALTHCARE,0,4,4,2,40.0,Moderate Fit
36625776,HEALTHCARE,0,4,4,1,20.0,Weak Fit
96260484,HEALTHCARE,0,4,0,2,40.0,Moderate Fit
11378657,HEALTHCARE,0,2,0,3,60.0,Strong Fit
34962725,HEALTHCARE,0,3,1,2,40.0,Moderate Fit
18365443,HEALTHCARE,10,4,1,3,60.0,Strong Fit
26125407,HEALTHCARE,0,4,3,1,20.0,Weak Fit
54934269,HEALTHCARE,5,4,2,2,40.0,Moderate Fit
37374340,HEALTHCARE,20,4,0,3,60.0,Strong Fit
25328428,HEALTHCARE,3,1,8,2,40.0,Moderate Fit
56520872,HEALTHCARE,0,4,3,1,20.0,Weak Fit
23944036,HEALTHCARE,0,4,0,0,0.0,Weak Fit
19090468,HEALTHCARE,0,3,4,2,40.0,Moderate Fit
16132195,HEALTHCARE,4,1,7,2,40.0,Moderate Fit
27030979,HEALTHCARE,0,1,0,4,80.0,Strong Fit
17960690,HEALTHCARE,15,4,0,1,20.0,Weak Fit
17624934,HEALTHCARE,18,4,2,4,80.0,Strong Fit
22008817,HEALTHCARE,0,4,1,4,80.0,Strong Fit
20835760,HEALTHCARE,3,4,0,3,60.0,Strong Fit
87520378,HEALTHCARE,0,4,0,3,60.0,Strong Fit
58879993,HEALTHCARE,0,4,0,3,60.0,Strong Fit
64471954,HEALTHCARE,0,0,1,2,40.0,Moderate Fit
18714571,HEALTHCARE,0,2,2,2,40.0,Moderate Fit
20748468,HEALTHCARE,0,4,0,2,40.0,Moderate Fit
98300955,HEALTHCARE,8,3,0,2,40.0,Moderate Fit
11653906,HEALTHCARE,0,4,0,2,40.0,Moderate Fit
10466208,HEALTHCARE,0,3,1,2,40.0,Moderate Fit
13352113,HEALTHCARE,0,1,4,1,20.0,Weak Fit
20110597,HEALTHCARE,0,1,4,1,20.0,Weak Fit
20211577,HEALTHCARE,0,2,0,2,40.0,Moderate Fit
12315079,HEALTHCARE,0,0,2,2,40.0,Moderate Fit
10480456,HEALTHCARE,0,4,3,4,80.0,Strong Fit
75297735,HEALTHCARE,25,4,2,2,40.0,Moderate Fit
49325370,HEALTHCARE,0,4,2,2,40.0,Moderate Fit
21866029,HEALTHCARE,9,4,0,2,40.0,Moderate Fit
14667957,HEALTHCARE,2,4,5,1,20.0,Weak Fit
10062724,HEALTHCARE,18,4,0,2,40.0,Moderate Fit
43994605,HEALTHCARE,15,3,0,3,60.0,Strong Fit
23814777,HEALTHCARE,0,2,2,3,60.0,Strong Fit
28745844,HEALTHCARE,0,0,4,1,20.0,Weak Fit
17864043,HEALTHCARE,0,0,0,1,20.0,Weak Fit
16121387,HEALTHCARE,0,4,5,3,60.0,Strong Fit
10076271,HEALTHCARE,0,4,0,3,60.0,Strong Fit
80876647,HEALTHCARE,0,4,3,1,20.0,Weak Fit
36861863,HEALTHCARE,0,3,0,0,0.0,Weak Fit
24025053,HEALTHCARE,0,4,0,2,40.0,Moderate Fit
17545780,HEALTHCARE,0,0,0,3,60.0,Strong Fit
95011061,HEALTHCARE,0,0,1,2,40.0,Moderate Fit
13565152,HEALTHCARE,0,3,0,2,40.0,Moderate Fit
75744306,HEALTHCARE,0,4,0,2,40.0,Moderate Fit
26908066,HEALTHCARE,0,3,0,2,40.0,Moderate Fit
11704150,HEALTHCARE,0,2,0,1,20.0,Weak Fit
27917969,HEALTHCARE,0,4,0,1,20.0,Weak Fit
12613221,HEALTHCARE,0,3,5,1,20.0,Weak Fit
15680735,HEALTHCARE,18,4,0,1,20.0,Weak Fit
13575312,HEALTHCARE,20,4,4,2,40.0,Moderate Fit
15636923,HEALTHCARE,4,1,8,2,40.0,Moderate Fit
14062078,HEALTHCARE,8,4,0,2,40.0,Moderate Fit
37001381,HEALTHCARE,16,3,10,2,40.0,Moderate Fit
32219038,HEALTHCARE,0,3,2,1,20.0,Weak Fit
10251432,HEALTHCARE,15,4,0,1,20.0,Weak Fit
28423028,HEALTHCARE,10,0,3,2,40.0,Moderate Fit
46349752,HEALTHCARE,0,0,2,1,20.0,Weak Fit
26958533,HEALTHCARE,0,2,0,1,20.0,Weak Fit
23110214,HEALTHCARE,0,4,0,3,60.0,Strong Fit
17963031,HEALTHCARE,20,4,6,1,20.0,Weak Fit
60624892,HEALTHCARE,21,4,1,4,80.0,Strong Fit
23918545,HEALTHCARE,3,2,1,2,40.0,Moderate Fit
20172393,HEALTHCARE,0,3,3,2,40.0,Moderate Fit
39082090,HEALTHCARE,20,4,4,3,60.0,Strong Fit
98309114,HEALTHCARE,20,4,13,2,40.0,Moderate Fit
16702198,HEALTHCARE,25,3,4,2,40.0,Moderate Fit
45907524,HEALTHCARE,0,3,1,2,40.0,Moderate Fit
12333703,HEALTHCARE,0,2,2,2,40.0,Moderate Fit
15499825,HEALTHCARE,10,2,1,2,40.0,Moderate Fit
85417107,HEALTHCARE,10,4,2,1,20.0,Weak Fit
33750209,HEALTHCARE,7,4,3,0,0.0,Weak Fit
24548333,HEALTHCARE,3,3,2,3,60.0,Strong Fit
16356151,HEALTHCARE,22,3,4,2,40.0,Moderate Fit
20736486,HEALTHCARE,21,2,5,3,60.0,Strong Fit
18784594,HEALTHCARE,10,4,2,1,20.0,Weak Fit
85421438,HEALTHCARE,0,3,0,2,40.0,Moderate Fit
33803142,HEALTHCARE,20,3,1,3,60.0,Strong Fit
47996197,HEALTHCARE,10,0,0,2,40.0,Moderate Fit
11605833,HEALTHCARE,4,3,3,2,40.0,Moderate Fit
25451319,HEALTHCARE,28,3,1,4,80.0,Strong Fit
91478356,HEALTHCARE,6,2,2,0,0.0,Weak Fit
29134372,HEALTHCARE,0,3,0,2,40.0,Moderate Fit
35579812,HEALTHCARE,20,3,4,2,40.0,Moderate Fit
12938200,HEALTHCARE,0,4,1,2,40.0,Moderate Fit
31926950,HEALTHCARE,0,3,0,3,60.0,Strong Fit
32563518,HEALTHCARE,10,4,3,4,80.0,Strong Fit
29992154,HEALTHCARE,3,2,3,3,60.0,Strong Fit
25974844,HEALTHCARE,0,3,0,2,40.0,Moderate Fit
18129173,HEALTHCARE,0,3,1,1,20.0,Weak Fit
26585242,HEALTHCARE,0,4,2,2,40.0,Moderate Fit
26695839,HEALTHCARE,0,4,0,3,60.0,Strong Fit
10568183,HEALTHCARE,0,3,1,2,40.0,Moderate Fit
24550866,HEALTHCARE,0,4,2,2,40.0,Moderate Fit
34594746,HEALTHCARE,0,1,0,2,40.0,Moderate Fit
25834360,HEALTHCARE,25,3,1,0,0.0,Weak Fit
27090089,HEALTHCARE,0,3,1,3,60.0,Strong Fit
35422305,HEALTHCARE,16,4,1,1,20.0,Weak Fit
18484846,HEALTHCARE,0,1,0,1,20.0,Weak Fit
18949843,HEALTHCARE,0,3,2,3,60.0,Strong Fit
17539842,HEALTHCARE,0,4,5,1,20.0,Weak Fit
36868767,HEALTHCARE,10,4,1,1,20.0,Weak Fit
97169343,HEALTHCARE,0,2,1,1,20.0,Weak Fit
31395710,HEALTHCARE,15,3,0,0,0.0,Weak Fit
17576030,FITNESS,0,4,2,0,0.0,Weak Fit
24444525,FITNESS,10,4,2,2,40.0,Moderate Fit
10268614,FITNESS,0,4,1,3,60.0,Strong Fit
29792535,FITNESS,0,4,3,1,20.0,Weak Fit
15932017,FITNESS,0,1,3,2,40.0,Moderate Fit
23063986,FITNESS,4,3,1,4,80.0,Strong Fit
10816645,FITNESS,0,3,0,1,20.0,Weak Fit
11522068,FITNESS,0,1,0,2,40.0,Moderate Fit
10568350,FITNESS,0,2,0,2,40.0,Moderate Fit
18767449,FITNESS,0,3,0,2,40.0,Moderate Fit
20457611,FITNESS,7,4,5,2,40.0,Moderate Fit
54259150,FITNESS,0,4,6,4,80.0,Strong Fit
67032711,FITNESS,0,3,0,2,40.0,Moderate Fit
12019284,FITNESS,0,4,0,3,60.0,Strong Fit
38650096,FITNESS,0,3,4,1,20.0,Weak Fit
32651555,FITNESS,0,4,0,2,40.0,Moderate Fit
55746506,FITNESS,15,0,3,0,0.0,Weak Fit
10235429,FITNESS,0,4,4,3,60.0,Strong Fit
30757456,FITNESS,0,3,14,3,60.0,Strong Fit
19037403,FITNESS,0,2,7,2,40.0,Moderate Fit
32636041,FITNESS,0,4,5,4,80.0,Strong Fit
27974588,FITNESS,0,3,6,0,0.0,Weak Fit
24251588,FITNESS,10,3,4,1,20.0,Weak Fit
97123005,FITNESS,10,3,0,1,20.0,Weak Fit
38642923,FITNESS,0,4,6,3,60.0,Strong Fit
39805617,FITNESS,5,4,7,2,40.0,Moderate Fit
20565486,FITNESS,4,4,6,3,60.0,Strong Fit
28669770,FITNESS,3,4,1,1,20.0,Weak Fit
17660419,FITNESS,0,0,2,0,0.0,Weak Fit
22855060,FITNESS,10,2,3,3,60.0,Strong Fit
17163375,FITNESS,0,3,4,1,20.0,Weak Fit
35302620,FITNESS,5,3,0,1,20.0,Weak Fit
19599699,FITNESS,0,3,0,1,20.0,Weak Fit
17286050,FITNESS,0,4,0,1,20.0,Weak Fit
15293959,FITNESS,0,4,8,3,60.0,Strong Fit
10428916,FITNESS,0,3,0,1,20.0,Weak Fit
52684666,FITNESS,0,3,5,3,60.0,Strong Fit
19774173,FITNESS,0,4,1,1,20.0,Weak Fit
23011221,FITNESS,0,0,4,3,60.0,Strong Fit
13367322,FITNESS,0,4,13,2,40.0,Moderate Fit
16038911,FITNESS,0,1,9,1,20.0,Weak Fit
30990885,FITNESS,0,3,3,2,40.0,Moderate Fit
12923795,FITNESS,0,0,0,2,40.0,Moderate Fit
20279756,FITNESS,20,3,6,4,80.0,Strong Fit
25838512,FITNESS,10,3,0,2,40.0,Moderate Fit
17431847,FITNESS,0,4,4,3,60.0,Strong Fit
28321954,FITNESS,2,2,0,3,60.0,Strong Fit
11332602,FITNESS,10,3,0,1,20.0,Weak Fit
17166018,FITNESS,0,0,1,1,20.0,Weak Fit
29573698,FITNESS,0,2,0,2,40.0,Moderate Fit
95769832,FITNESS,3,1,0,1,20.0,Weak Fit
89858892,FITNESS,0,2,0,2,40.0,Moderate Fit
22488036,FITNESS,5,4,2,3,60.0,Strong Fit
22093368,FITNESS,8,4,4,2,40.0,Moderate Fit
31042953,FITNESS,0,3,9,2,40.0,Moderate Fit
24994145,FITNESS,0,0,1,1,20.0,Weak Fit
56286525,FITNESS,12,4,0,2,40.0,Moderate Fit
32517106,FITNESS,0,4,5,1,20.0,Weak Fit
38108845,FITNESS,0,3,0,3,60.0,Strong Fit
28172023,FITNESS,0,0,0,2,40.0,Moderate Fit
45656814,FITNESS,5,3,0,1,20.0,Weak Fit
24767027,FITNESS,0,4,0,1,20.0,Weak Fit
25507648,FITNESS,0,1,1,3,60.0,Strong Fit
17915015,FITNESS,0,0,1,2,40.0,Moderate Fit
36139251,FITNESS,0,2,1,2,40.0,Moderate Fit
16474898,FITNESS,2,4,7,2,40.0,Moderate Fit
25482567,FITNESS,22,4,0,2,40.0,Moderate Fit
29165698,FITNESS,0,2,1,1,20.0,Weak Fit
27084878,FITNESS,13,2,1,1,20.0,Weak Fit
26459032,FITNESS,0,4,6,2,40.0,Moderate Fit
70603826,FITNESS,0,4,6,4,80.0,Strong Fit
95085510,FITNESS,0,4,0,2,40.0,Moderate Fit
21238396,FITNESS,12,3,0,1,20.0,Weak Fit
20255404,FITNESS,12,3,4,2,40.0,Moderate Fit
69666645,FITNESS,0,2,2,0,0.0,Weak Fit
19938081,FITNESS,0,4,0,3,60.0,Strong Fit
12092347,FITNESS,0,2,0,2,40.0,Moderate Fit
62870550,FITNESS,0,2,0,2,40.0,Moderate Fit
76530505,FITNESS,0,3,0,1,20.0,Weak Fit
10333051,FITNESS,12,4,2,2,40.0,Moderate Fit
29319314,FITNESS,0,4,1,2,40.0,Moderate Fit
77266989,FITNESS,14,4,2,3,60.0,Strong Fit
59487170,FITNESS,3,4,1,3,60.0,Strong Fit
24219583,FITNESS,0,3,4,2,40.0,Moderate Fit
27397245,FITNESS,19,1,0,2,40.0,Moderate Fit
29425788,FITNESS,0,4,4,1,20.0,Weak Fit
11130200,FITNESS,0,1,0,0,0.0,Weak Fit
10969918,FITNESS,0,1,3,1,20.0,Weak Fit
21178545,FITNESS,0,5,3,1,20.0,Weak Fit
12938389,FITNESS,0,4,0,3,60.0,Strong Fit
57575888,FITNESS,0,4,2,2,40.0,Moderate Fit
37087824,FITNESS,20,3,0,3,60.0,Strong Fit
21122155,FITNESS,0,4,3,0,0.0,Weak Fit
24708621,FITNESS,0,3,3,1,20.0,Weak Fit
27903191,FITNESS,0,3,0,3,60.0,Strong Fit
24905947,FITNESS,0,3,0,1,20.0,Weak Fit
75156649,FITNESS,0,2,0,2,40.0,Moderate Fit
96761538,FITNESS,0,4,1,0,0.0,Weak Fit
19975121,FITNESS,0,3,3,2,40.0,Moderate Fit
12695799,FITNESS,10,4,0,5,100.0,Strong Fit
14515954,FITNESS,0,0,0,5,100.0,Strong Fit
13675377,FITNESS,0,0,1,0,0.0,Weak Fit
34151183,FITNESS,15,3,0,1,20.0,Weak Fit
16605352,FITNESS,0,2,1,2,40.0,Moderate Fit
34792238,FITNESS,20,3,15,3,60.0,Strong Fit
23004695,FITNESS,0,3,1,2,40.0,Moderate Fit
35164503,FITNESS,11,0,2,2,40.0,Moderate Fit
63282405,FITNESS,0,4,2,2,40.0,Moderate Fit
31556198,FITNESS,0,1,0,2,40.0,Moderate Fit
12791244,FITNESS,0,4,3,2,40.0,Moderate Fit
14107571,FITNESS,22,4,8,2,40.0,Moderate Fit
17658471,FITNESS,0,3,1,1,20.0,Weak Fit
80000092,FITNESS,0,2,0,1,20.0,Weak Fit
13037145,FITNESS,0,2,0,2,40.0,Moderate Fit
23477199,FITNESS,5,3,0,2,40.0,Moderate Fit
29306433,FITNESS,0,0,0,2,40.0,Moderate Fit
90365216,FITNESS,0,2,2,2,40.0,Moderate Fit
54246169,AGRICULTURE,0,1,0,2,40.0,Moderate Fit
28165687,AGRICULTURE,4,4,0,4,80.0,Strong Fit
21134923,AGRICULTURE,0,0,1,3,60.0,Strong Fit
37292350,AGRICULTURE,2,4,0,1,20.0,Weak Fit
84512719,AGRICULTURE,0,1,1,2,40.0,Moderate Fit
21868149,AGRICULTURE,0,4,4,3,60.0,Strong Fit
37201447,AGRICULTURE,20,3,0,3,60.0,Strong Fit
29897742,AGRICULTURE,20,3,0,4,80.0,Strong Fit
55500538,AGRICULTURE,5,4,1,2,40.0,Moderate Fit
15053703,AGRICULTURE,0,4,0,3,60.0,Strong Fit
15603319,AGRICULTURE,0,4,0,3,60.0,Strong Fit
69336473,AGRICULTURE,0,4,0,0,0.0,Weak Fit
18242317,AGRICULTURE,0,4,0,3,60.0,Strong Fit
30437583,AGRICULTURE,0,4,0,3,60.0,Strong Fit
14140903,AGRICULTURE,0,5,1,1,20.0,Weak Fit
17312146,AGRICULTURE,0,3,0,2,40.0,Moderate Fit
29746235,AGRICULTURE,0,3,5,4,80.0,Strong Fit
62994611,AGRICULTURE,5,4,1,4,80.0,Strong Fit
38216888,AGRICULTURE,4,2,0,1,20.0,Weak Fit
19851252,AGRICULTURE,0,3,0,1,20.0,Weak Fit
11813872,AGRICULTURE,20,4,4,1,20.0,Weak Fit
16849128,AGRICULTURE,5,2,1,2,40.0,Moderate Fit
23631188,AGRICULTURE,0,2,4,2,40.0,Moderate Fit
24001783,AGRICULTURE,12,0,0,1,20.0,Weak Fit
12341902,AGRICULTURE,0,4,1,2,40.0,Moderate Fit
11197262,AGRICULTURE,0,4,3,2,40.0,Moderate Fit
10953078,AGRICULTURE,0,0,3,3,60.0,Strong Fit
69859102,AGRICULTURE,0,1,0,1,20.0,Weak Fit
40882926,AGRICULTURE,0,2,1,3,60.0,Strong Fit
16653657,AGRICULTURE,0,4,0,2,40.0,Moderate Fit
24397882,AGRICULTURE,0,3,4,2,40.0,Moderate Fit
16172429,AGRICULTURE,0,0,1,2,40.0,Moderate Fit
36102323,AGRICULTURE,0,2,6,3,60.0,Strong Fit
81042872,AGRICULTURE,0,4,0,2,40.0,Moderate Fit
19532392,AGRICULTURE,0,3,3,0,0.0,Weak Fit
34141299,AGRICULTURE,0,2,0,2,40.0,Moderate Fit
89740812,AGRICULTURE,0,4,2,3,60.0,Strong Fit
20969119,AGRICULTURE,10,4,3,3,60.0,Strong Fit
27689009,AGRICULTURE,24,4,1,2,40.0,Moderate Fit
29510501,AGRICULTURE,0,4,1,3,60.0,Strong Fit
17640785,AGRICULTURE,0,4,0,3,60.0,Strong Fit
29968330,AGRICULTURE,0,4,1,1,20.0,Weak Fit
28733974,AGRICULTURE,28,3,0,3,60.0,Strong Fit
15546686,AGRICULTURE,0,3,1,0,0.0,Weak Fit
56068028,AGRICULTURE,6,4,7,1,20.0,Weak Fit
24068423,AGRICULTURE,15,5,0,0,0.0,Weak Fit
12674256,AGRICULTURE,0,0,1,1,20.0,Weak Fit
27888251,AGRICULTURE,0,3,0,1,20.0,Weak Fit
16507693,AGRICULTURE,0,1,1,3,60.0,Strong Fit
55712978,AGRICULTURE,16,5,0,1,20.0,Weak Fit
26835781,AGRICULTURE,0,4,0,1,20.0,Weak Fit
26921245,AGRICULTURE,5,4,0,3,60.0,Strong Fit
20006992,AGRICULTURE,3,4,0,2,40.0,Moderate Fit
11676151,AGRICULTURE,0,3,1,3,60.0,Strong Fit
24416961,AGRICULTURE,18,4,5,4,80.0,Strong Fit
69360287,AGRICULTURE,0,4,2,1,20.0,Weak Fit
18264694,AGRICULTURE,0,4,0,3,60.0,Strong Fit
16661264,AGRICULTURE,0,3,0,1,20.0,Weak Fit
26070334,AGRICULTURE,0,4,0,2,40.0,Moderate Fit
29142288,AGRICULTURE,20,4,3,3,60.0,Strong Fit
28247753,AGRICULTURE,0,4,0,3,60.0,Strong Fit
79536879,AGRICULTURE,0,3,1,2,40.0,Moderate Fit
17499196,AGRICULTURE,0,3,4,3,60.0,Strong Fit
79261033,BPO,15,0,0,1,20.0,Weak Fit
16492045,BPO,0,3,0,1,20.0,Weak Fit
18589927,BPO,7,3,0,1,20.0,Weak Fit
23933031,BPO,0,3,0,3,60.0,Strong Fit
13964744,BPO,7,4,2,4,80.0,Strong Fit
89512321,BPO,7,4,0,2,40.0,Moderate Fit
30709029,BPO,16,0,0,1,20.0,Weak Fit
11183737,BPO,8,0,0,2,40.0,Moderate Fit
63158213,BPO,0,4,1,1,20.0,Weak Fit
24727739,BPO,0,3,0,3,60.0,Strong Fit
15145575,BPO,0,2,7,1,20.0,Weak Fit
69097572,BPO,8,3,0,3,60.0,Strong Fit
31064969,BPO,0,3,2,3,60.0,Strong Fit
38707449,BPO,10,0,0,2,40.0,Moderate Fit
57706851,BPO,0,3,4,2,40.0,Moderate Fit
41152404,BPO,3,4,1,3,60.0,Strong Fit
27710853,BPO,2,4,1,2,40.0,Moderate Fit
15573418,BPO,0,3,0,2,40.0,Moderate Fit
26829350,BPO,5,4,0,2,40.0,Moderate Fit
95625660,BPO,0,4,1,1,20.0,Weak Fit
19362586,BPO,0,4,0,2,40.0,Moderate Fit
45077654,BPO,10,3,1,2,40.0,Moderate Fit
87118391,SALES,0,1,1,4,13.8,Weak Fit
33578873,SALES,0,1,0,1,3.4,Weak Fit
27607632,SALES,0,0,2,2,6.9,Weak Fit
23760084,SALES,0,3,0,6,20.7,Weak Fit
30083943,SALES,21,4,1,0,0.0,Weak Fit
20552814,SALES,0,2,0,3,10.3,Weak Fit
40987524,SALES,17,3,0,3,10.3,Weak Fit
29134721,SALES,0,1,0,6,20.7,Weak Fit
18062906,SALES,0,3,2,1,3.4,Weak Fit
29399491,SALES,5,2,0,3,10.3,Weak Fit
19473948,SALES,0,1,0,3,10.3,Weak Fit
71772815,SALES,0,1,0,3,10.3,Weak Fit
15765660,SALES,0,3,0,7,24.1,Weak Fit
29184740,SALES,15,4,1,1,3.4,Weak Fit
17781039,SALES,10,1,0,4,13.8,Weak Fit
19147947,SALES,8,1,0,2,6.9,Weak Fit
18328743,SALES,2,0,0,2,6.9,Weak Fit
37540732,SALES,0,3,0,4,13.8,Weak Fit
30608780,SALES,0,4,6,4,13.8,Weak Fit
15918496,SALES,0,4,0,2,6.9,Weak Fit
16223371,SALES,0,2,0,3,10.3,Weak Fit
79376680,SALES,6,0,0,3,10.3,Weak Fit
36904300,SALES,0,2,0,3,10.3,Weak Fit
10724818,SALES,0,3,0,3,10.3,Weak Fit
26994282,SALES,0,3,0,4,13.8,Weak Fit
20819838,SALES,0,2,0,0,0.0,Weak Fit
16511249,SALES,20,3,2,1,3.4,Weak Fit
36074301,SALES,20,0,2,5,17.2,Weak Fit
27624540,SALES,26,4,4,1,3.4,Weak Fit
20423658,SALES,14,4,0,2,6.9,Weak Fit
98509238,SALES,25,3,5,3,10.3,Weak Fit
25810233,SALES,0,4,0,3,10.3,Weak Fit
15273850,SALES,0,1,0,0,0.0,Weak Fit
26932091,SALES,10,2,0,7,24.1,Weak Fit
13812481,SALES,0,2,0,2,6.9,Weak Fit
55477468,SALES,0,4,0,2,6.9,Weak Fit
15973307,SALES,0,1,1,3,10.3,Weak Fit
22047665,SALES,0,2,0,0,0.0,Weak Fit
69155584,SALES,0,2,0,3,10.3,Weak Fit
30529547,SALES,0,2,0,2,6.9,Weak Fit
23296286,SALES,0,2,0,2,6.9,Weak Fit
10603337,SALES,0,2,0,0,0.0,Weak Fit
22319662,SALES,5,0,0,2,6.9,Weak Fit
15581242,SALES,3,3,0,1,3.4,Weak Fit
90682785,SALES,2,2,0,2,6.9,Weak Fit
98108571,SALES,0,2,0,1,3.4,Weak Fit
12351749,SALES,0,4,0,2,6.9,Weak Fit
39581020,SALES,0,2,0,4,13.8,Weak Fit
14267489,SALES,4,2,0,4,13.8,Weak Fit
25839123,SALES,0,2,0,2,6.9,Weak Fit
31454430,SALES,0,2,0,2,6.9,Weak Fit
18368613,SALES,0,3,0,1,3.4,Weak Fit
51349448,SALES,4,3,0,3,10.3,Weak Fit
17509935,SALES,15,2,0,2,6.9,Weak Fit
21595057,SALES,0,1,0,3,10.3,Weak Fit
12696104,SALES,3,2,0,2,6.9,Weak Fit
34303500,SALES,4,3,3,6,20.7,Weak Fit
10898339,SALES,0,2,0,1,3.4,Weak Fit
25315791,SALES,0,2,0,2,6.9,Weak Fit
36621169,SALES,0,3,0,2,6.9,Weak Fit
17378327,SALES,30,3,0,1,3.4,Weak Fit
33236701,SALES,0,2,2,4,13.8,Weak Fit
29211919,SALES,0,2,0,4,13.8,Weak Fit
16121015,SALES,0,2,0,3,10.3,Weak Fit
19582792,SALES,25,1,2,5,17.2,Weak Fit
13348915,SALES,0,2,0,4,13.8,Weak Fit
59422148,SALES,0,3,1,5,17.2,Weak Fit
10138632,SALES,0,1,0,1,3.4,Weak Fit
29805310,SALES,2,2,0,2,6.9,Weak Fit
26425074,SALES,14,4,1,3,10.3,Weak Fit
10464113,SALES,3,4,0,3,10.3,Weak Fit
54101961,SALES,0,2,0,0,0.0,Weak Fit
92200491,SALES,0,1,0,1,3.4,Weak Fit
26530696,SALES,10,2,0,4,13.8,Weak Fit
29332616,SALES,0,2,0,4,13.8,Weak Fit
42304307,SALES,0,4,0,3,10.3,Weak Fit
12820557,SALES,0,2,0,2,6.9,Weak Fit
13178604,SALES,0,3,0,4,13.8,Weak Fit
23929500,SALES,0,1,0,2,6.9,Weak Fit
37360517,SALES,0,0,1,3,10.3,Weak Fit
28377361,SALES,0,4,0,2,6.9,Weak Fit
18171955,SALES,0,3,0,5,17.2,Weak Fit
12082377,SALES,13,2,0,2,6.9,Weak Fit
28198029,SALES,0,2,0,3,10.3,Weak Fit
28867567,SALES,10,2,0,6,20.7,Weak Fit
19147494,SALES,21,2,0,2,6.9,Weak Fit
14358578,SALES,0,3,0,2,6.9,Weak Fit
37735467,SALES,0,2,0,4,13.8,Weak Fit
65456466,SALES,0,3,0,4,13.8,Weak Fit
32140087,SALES,0,4,12,4,13.8,Weak Fit
17704246,SALES,37,2,2,7,24.1,Weak Fit
58428843,SALES,0,2,0,2,6.9,Weak Fit
70528646,SALES,15,0,3,2,6.9,Weak Fit
23032182,SALES,10,3,0,3,10.3,Weak Fit
36970996,SALES,6,2,7,5,17.2,Weak Fit
13637605,SALES,0,2,0,5,17.2,Weak Fit
55097118,SALES,0,3,0,3,10.3,Weak Fit
24610685,SALES,0,4,0,5,17.2,Weak Fit
38087844,SALES,0,1,0,6,20.7,Weak Fit
28139742,SALES,0,4,0,3,10.3,Weak Fit
17410700,SALES,4,4,0,6,20.7,Weak Fit
20141807,SALES,0,2,1,0,0.0,Weak Fit
16280971,SALES,5,3,0,3,10.3,Weak Fit
34131484,SALES,0,2,0,2,6.9,Weak Fit
18885231,SALES,0,3,0,4,13.8,Weak Fit
15620421,SALES,0,1,1,4,13.8,Weak Fit
31199035,SALES,0,2,0,0,0.0,Weak Fit
85918100,SALES,0,2,0,4,13.8,Weak Fit
14381464,SALES,0,2,0,1,3.4,Weak Fit
23782450,SALES,0,1,0,2,6.9,Weak Fit
37792474,SALES,26,4,1,4,13.8,Weak Fit
29928796,SALES,6,2,0,3,10.3,Weak Fit
55104715,SALES,15,4,0,3,10.3,Weak Fit
27233183,SALES,0,2,2,2,6.9,Weak Fit
29815762,SALES,0,4,1,2,6.9,Weak Fit
19156751,SALES,0,4,0,5,17.2,Weak Fit
27096471,CONSULTANT,0,4,1,3,30.0,Moderate Fit
43311839,CONSULTANT,0,4,0,1,10.0,Weak Fit
15119529,CONSULTANT,0,0,0,1,10.0,Weak Fit
88907739,CONSULTANT,4,4,0,4,40.0,Moderate Fit
31395742,CONSULTANT,0,2,2,1,10.0,Weak Fit
93349646,CONSULTANT,0,4,3,3,30.0,Moderate Fit
25694422,CONSULTANT,0,0,2,1,10.0,Weak Fit
26291616,CONSULTANT,0,2,14,3,30.0,Moderate Fit
11020140,CONSULTANT,0,0,0,3,30.0,Moderate Fit
93459677,CONSULTANT,7,4,4,1,10.0,Weak Fit
18079050,CONSULTANT,0,3,1,1,10.0,Weak Fit
25213006,CONSULTANT,10,1,0,3,30.0,Moderate Fit
14517953,CONSULTANT,0,4,0,2,20.0,Weak Fit
39308779,CONSULTANT,26,4,3,1,10.0,Weak Fit
51724595,CONSULTANT,9,4,0,4,40.0,Moderate Fit
22259768,CONSULTANT,5,4,0,2,20.0,Weak Fit
10332998,CONSULTANT,0,3,0,2,20.0,Weak Fit
24643412,CONSULTANT,0,4,0,2,20.0,Weak Fit
69181350,CONSULTANT,2,4,0,1,10.0,Weak Fit
18856440,CONSULTANT,28,2,0,3,30.0,Moderate Fit
15433732,CONSULTANT,0,3,0,2,20.0,Weak Fit
15281412,CONSULTANT,0,3,1,2,20.0,Weak Fit
15699744,CONSULTANT,0,4,0,3,30.0,Moderate Fit
28951817,CONSULTANT,5,3,0,2,20.0,Weak Fit
38165833,CONSULTANT,0,1,0,1,10.0,Weak Fit
13586069,CONSULTANT,5,4,0,2,20.0,Weak Fit
30083884,CONSULTANT,0,0,0,2,20.0,Weak Fit
51432451,CONSULTANT,6,4,0,1,10.0,Weak Fit
31169070,CONSULTANT,0,4,0,1,10.0,Weak Fit
29723311,CONSULTANT,6,4,1,3,30.0,Moderate Fit
22485475,CONSULTANT,15,3,1,2,20.0,Weak Fit
22556198,CONSULTANT,0,4,1,3,30.0,Moderate Fit
30863060,CONSULTANT,0,3,0,2,20.0,Weak Fit
78016758,CONSULTANT,0,4,1,2,20.0,Weak Fit
12897903,CONSULTANT,0,4,1,2,20.0,Weak Fit
34875813,CONSULTANT,0,3,2,3,30.0,Moderate Fit
11333660,CONSULTANT,0,5,0,2,20.0,Weak Fit
21366189,CONSULTANT,12,4,3,3,30.0,Moderate Fit
32637306,CONSULTANT,15,4,0,3,30.0,Moderate Fit
71888547,CONSULTANT,3,3,0,2,20.0,Weak Fit
29770086,CONSULTANT,0,4,1,2,20.0,Weak Fit
99714410,CONSULTANT,0,4,0,2,20.0,Weak Fit
39441617,CONSULTANT,0,4,8,3,30.0,Moderate Fit
12374933,CONSULTANT,10,3,1,1,10.0,Weak Fit
20176584,CONSULTANT,25,4,8,3,30.0,Moderate Fit
32433431,CONSULTANT,0,3,0,3,30.0,Moderate Fit
88691367,CONSULTANT,0,3,0,3,30.0,Moderate Fit
17025292,CONSULTANT,0,1,0,2,20.0,Weak Fit
23302948,CONSULTANT,0,0,0,3,30.0,Moderate Fit
24828381,CONSULTANT,40,4,4,2,20.0,Weak Fit
38896303,CONSULTANT,20,4,6,1,10.0,Weak Fit
31217840,CONSULTANT,10,3,5,2,20.0,Weak Fit
38399177,CONSULTANT,0,3,0,2,20.0,Weak Fit
19161572,CONSULTANT,0,4,3,1,10.0,Weak Fit
29647215,CONSULTANT,0,4,0,0,0.0,Weak Fit
73075521,CONSULTANT,0,0,1,2,20.0,Weak Fit
17983957,CONSULTANT,0,4,0,3,30.0,Moderate Fit
20314980,CONSULTANT,2,4,1,2,20.0,Weak Fit
21512769,CONSULTANT,0,0,0,1,10.0,Weak Fit
21568833,CONSULTANT,0,0,2,0,0.0,Weak Fit
27726066,CONSULTANT,5,4,7,2,20.0,Weak Fit
91189201,CONSULTANT,0,4,0,1,10.0,Weak Fit
95429627,CONSULTANT,0,4,1,1,10.0,Weak Fit
12526702,CONSULTANT,15,3,0,3,30.0,Moderate Fit
92246939,CONSULTANT,30,4,1,3,30.0,Moderate Fit
48533663,CONSULTANT,0,4,1,0,0.0,Weak Fit
38457612,CONSULTANT,10,2,6,2,20.0,Weak Fit
27788376,CONSULTANT,0,4,0,1,10.0,Weak Fit
31016926,CONSULTANT,0,4,2,3,30.0,Moderate Fit
43378989,CONSULTANT,0,4,0,2,20.0,Weak Fit
13454871,CONSULTANT,6,4,0,2,20.0,Weak Fit
19936735,CONSULTANT,0,2,0,1,10.0,Weak Fit
33919379,CONSULTANT,0,3,1,0,0.0,Weak Fit
95350373,CONSULTANT,10,4,2,0,0.0,Weak Fit
15602094,CONSULTANT,0,4,2,3,30.0,Moderate Fit
95792386,CONSULTANT,0,4,1,2,20.0,Weak Fit
28243590,CONSULTANT,20,4,0,1,10.0,Weak Fit
14593060,CONSULTANT,0,4,8,2,20.0,Weak Fit
13313917,CONSULTANT,15,4,2,3,30.0,Moderate Fit
12251115,CONSULTANT,5,3,0,1,10.0,Weak Fit
20574232,CONSULTANT,20,2,0,2,20.0,Weak Fit
12955994,CONSULTANT,0,3,4,3,30.0,Moderate Fit
16964217,CONSULTANT,0,4,6,2,20.0,Weak Fit
13215696,CONSULTANT,13,3,0,2,20.0,Weak Fit
29196643,CONSULTANT,4,4,0,3,30.0,Moderate Fit
22351830,CONSULTANT,7,4,1,0,0.0,Weak Fit
11415967,CONSULTANT,3,4,1,1,10.0,Weak Fit
29297393,CONSULTANT,0,3,4,2,20.0,Weak Fit
18227306,CONSULTANT,0,4,0,1,10.0,Weak Fit
31201660,CONSULTANT,0,3,3,2,20.0,Weak Fit
25258040,CONSULTANT,14,1,0,3,30.0,Moderate Fit
56792999,CONSULTANT,0,4,5,1,10.0,Weak Fit
22571461,CONSULTANT,0,3,0,3,30.0,Moderate Fit
80527194,CONSULTANT,4,2,0,2,20.0,Weak Fit
37818861,CONSULTANT,0,0,0,4,40.0,Moderate Fit
91116867,CONSULTANT,5,1,0,2,20.0,Weak Fit
14346702,CONSULTANT,0,1,1,3,30.0,Moderate Fit
15083600,CONSULTANT,0,4,0,1,10.0,Weak Fit
63670997,CONSULTANT,0,3,1,4,40.0,Moderate Fit
17307206,CONSULTANT,0,3,1,1,10.0,Weak Fit
67406885,CONSULTANT,0,5,0,2,20.0,Weak Fit
57364820,CONSULTANT,20,4,1,4,40.0,Moderate Fit
79570655,CONSULTANT,0,2,3,0,0.0,Weak Fit
13569152,CONSULTANT,15,4,1,4,40.0,Moderate Fit
65062795,CONSULTANT,0,4,1,1,10.0,Weak Fit
10984392,CONSULTANT,0,0,0,3,30.0,Moderate Fit
49777184,CONSULTANT,0,3,0,4,40.0,Moderate Fit
11835339,CONSULTANT,25,3,1,0,0.0,Weak Fit
21156767,CONSULTANT,6,4,0,0,0.0,Weak Fit
26234972,CONSULTANT,14,0,0,2,20.0,Weak Fit
15535920,CONSULTANT,10,0,5,4,40.0,Moderate Fit
26919036,CONSULTANT,14,3,0,4,40.0,Moderate Fit
57601040,CONSULTANT,0,3,0,3,30.0,Moderate Fit
29076405,CONSULTANT,0,2,0,1,10.0,Weak Fit
26167298,CONSULTANT,15,4,1,4,40.0,Moderate Fit
13837784,DIGITAL-MEDIA,0,3,0,5,16.7,Weak Fit
16509761,DIGITAL-MEDIA,0,3,0,2,6.7,Weak Fit
29915354,DIGITAL-MEDIA,0,4,0,2,6.7,Weak Fit
82929064,DIGITAL-MEDIA,0,3,0,0,0.0,Weak Fit
10515955,DIGITAL-MEDIA,19,4,0,2,6.7,Weak Fit
14945250,DIGITAL-MEDIA,15,4,0,2,6.7,Weak Fit
28609364,DIGITAL-MEDIA,0,4,2,3,10.0,Weak Fit
19861776,DIGITAL-MEDIA,0,4,0,4,13.3,Weak Fit
14036515,DIGITAL-MEDIA,0,1,0,2,6.7,Weak Fit
11005406,DIGITAL-MEDIA,0,0,1,0,0.0,Weak Fit
17132168,DIGITAL-MEDIA,0,1,0,3,10.0,Weak Fit
15353911,DIGITAL-MEDIA,7,3,0,0,0.0,Weak Fit
18501746,DIGITAL-MEDIA,0,2,0,2,6.7,Weak Fit
26341987,DIGITAL-MEDIA,20,4,2,3,10.0,Weak Fit
27419236,DIGITAL-MEDIA,0,3,11,5,16.7,Weak Fit
13328680,DIGITAL-MEDIA,12,4,6,2,6.7,Weak Fit
17584743,DIGITAL-MEDIA,0,0,1,4,13.3,Weak Fit
14761906,DIGITAL-MEDIA,0,3,0,1,3.3,Weak Fit
31162167,DIGITAL-MEDIA,5,3,0,3,10.0,Weak Fit
15226699,DIGITAL-MEDIA,0,1,2,1,3.3,Weak Fit
25525152,DIGITAL-MEDIA,0,3,0,3,10.0,Weak Fit
13343786,DIGITAL-MEDIA,10,4,4,3,10.0,Weak Fit
15484097,DIGITAL-MEDIA,0,3,3,3,10.0,Weak Fit
25723793,DIGITAL-MEDIA,0,3,1,3,10.0,Weak Fit
19444529,DIGITAL-MEDIA,0,3,0,2,6.7,Weak Fit
33893326,DIGITAL-MEDIA,0,4,2,4,13.3,Weak Fit
18442517,DIGITAL-MEDIA,0,3,1,3,10.0,Weak Fit
40883703,DIGITAL-MEDIA,12,4,0,4,13.3,Weak Fit
27981289,DIGITAL-MEDIA,5,0,5,4,13.3,Weak Fit
18900722,DIGITAL-MEDIA,0,3,0,4,13.3,Weak Fit
28109594,DIGITAL-MEDIA,35,3,0,5,16.7,Weak Fit
31929166,DIGITAL-MEDIA,0,3,0,6,20.0,Weak Fit
24574164,DIGITAL-MEDIA,0,3,0,2,6.7,Weak Fit
23085604,DIGITAL-MEDIA,25,2,0,5,16.7,Weak Fit
27080812,DIGITAL-MEDIA,0,4,0,6,20.0,Weak Fit
14209965,DIGITAL-MEDIA,0,4,2,4,13.3,Weak Fit
20330739,DIGITAL-MEDIA,0,4,0,2,6.7,Weak Fit
37739183,DIGITAL-MEDIA,6,0,0,4,13.3,Weak Fit
14771530,DIGITAL-MEDIA,0,3,0,3,10.0,Weak Fit
62700506,DIGITAL-MEDIA,0,0,1,3,10.0,Weak Fit
34319869,DIGITAL-MEDIA,0,3,0,5,16.7,Weak Fit
30999638,DIGITAL-MEDIA,0,2,0,3,10.0,Weak Fit
11677012,DIGITAL-MEDIA,0,3,0,6,20.0,Weak Fit
18525641,DIGITAL-MEDIA,9,4,0,4,13.3,Weak Fit
91539554,DIGITAL-MEDIA,6,3,0,1,3.3,Weak Fit
13503650,DIGITAL-MEDIA,0,4,0,2,6.7,Weak Fit
23864858,DIGITAL-MEDIA,0,3,0,3,10.0,Weak Fit
24658786,DIGITAL-MEDIA,20,4,0,5,16.7,Weak Fit
39166680,DIGITAL-MEDIA,0,0,0,6,20.0,Weak Fit
25038571,DIGITAL-MEDIA,0,3,0,1,3.3,Weak Fit
33542483,DIGITAL-MEDIA,0,4,0,3,10.0,Weak Fit
58915642,DIGITAL-MEDIA,0,3,0,2,6.7,Weak Fit
18927233,DIGITAL-MEDIA,5,3,1,3,10.0,Weak Fit
16893572,DIGITAL-MEDIA,0,3,0,4,13.3,Weak Fit
18488289,DIGITAL-MEDIA,0,3,2,7,23.3,Weak Fit
31909493,DIGITAL-MEDIA,0,4,0,4,13.3,Weak Fit
29002596,DIGITAL-MEDIA,0,4,2,5,16.7,Weak Fit
73282756,DIGITAL-MEDIA,0,4,0,8,26.7,Weak Fit
94492380,DIGITAL-MEDIA,20,3,0,1,3.3,Weak Fit
18905648,DIGITAL-MEDIA,0,4,1,2,6.7,Weak Fit
70196518,DIGITAL-MEDIA,0,0,0,5,16.7,Weak Fit
56952849,DIGITAL-MEDIA,15,3,2,3,10.0,Weak Fit
40311088,DIGITAL-MEDIA,0,4,0,2,6.7,Weak Fit
19053815,DIGITAL-MEDIA,0,3,0,5,16.7,Weak Fit
10005171,DIGITAL-MEDIA,0,4,0,1,3.3,Weak Fit
26160200,DIGITAL-MEDIA,0,0,0,8,26.7,Weak Fit
59011090,DIGITAL-MEDIA,0,3,0,2,6.7,Weak Fit
34583750,DIGITAL-MEDIA,0,3,0,3,10.0,Weak Fit
22380187,DIGITAL-MEDIA,0,0,0,2,6.7,Weak Fit
24953921,DIGITAL-MEDIA,0,2,0,2,6.7,Weak Fit
20490741,DIGITAL-MEDIA,15,2,0,0,0.0,Weak Fit
21125113,DIGITAL-MEDIA,4,0,0,3,10.0,Weak Fit
11270462,DIGITAL-MEDIA,0,3,0,2,6.7,Weak Fit
90685127,DIGITAL-MEDIA,0,4,0,2,6.7,Weak Fit
20628003,DIGITAL-MEDIA,0,0,1,5,16.7,Weak Fit
30504149,DIGITAL-MEDIA,15,3,0,6,20.0,Weak Fit
25706337,DIGITAL-MEDIA,0,4,0,4,13.3,Weak Fit
91318828,DIGITAL-MEDIA,10,3,0,2,6.7,Weak Fit
42156237,DIGITAL-MEDIA,0,4,0,3,10.0,Weak Fit
80679862,DIGITAL-MEDIA,0,3,1,7,23.3,Weak Fit
16276121,DIGITAL-MEDIA,0,2,0,1,3.3,Weak Fit
27921561,DIGITAL-MEDIA,0,4,1,4,13.3,Weak Fit
50219114,DIGITAL-MEDIA,0,4,0,5,16.7,Weak Fit
30864828,DIGITAL-MEDIA,20,3,0,4,13.3,Weak Fit
17562754,DIGITAL-MEDIA,30,4,0,3,10.0,Weak Fit
24679149,DIGITAL-MEDIA,0,2,0,2,6.7,Weak Fit
81508860,DIGITAL-MEDIA,0,4,0,6,20.0,Weak Fit
28679359,DIGITAL-MEDIA,10,2,4,8,26.7,Weak Fit
14556869,DIGITAL-MEDIA,0,4,1,2,6.7,Weak Fit
23810469,DIGITAL-MEDIA,13,4,0,5,16.7,Weak Fit
16536141,DIGITAL-MEDIA,0,3,0,9,30.0,Moderate Fit
12085736,DIGITAL-MEDIA,7,3,1,0,0.0,Weak Fit
20210676,DIGITAL-MEDIA,10,0,0,2,6.7,Weak Fit
22706174,DIGITAL-MEDIA,0,3,0,4,13.3,Weak Fit
18354623,DIGITAL-MEDIA,0,3,0,3,10.0,Weak Fit
17432318,DIGITAL-MEDIA,0,0,0,3,10.0,Weak Fit
11797122,AUTOMOBILE,20,4,0,3,60.0,Strong Fit
16332293,AUTOMOBILE,0,3,0,0,0.0,Weak Fit
28790806,AUTOMOBILE,6,3,3,3,60.0,Strong Fit
91515108,AUTOMOBILE,0,1,1,3,60.0,Strong Fit
32109048,AUTOMOBILE,0,4,2,1,20.0,Weak Fit
11152490,AUTOMOBILE,0,4,6,4,80.0,Strong Fit
99680385,AUTOMOBILE,33,4,2,2,40.0,Moderate Fit
15790602,AUTOMOBILE,0,4,0,3,60.0,Strong Fit
17510973,AUTOMOBILE,10,2,1,2,40.0,Moderate Fit
23522150,AUTOMOBILE,8,2,0,2,40.0,Moderate Fit
11257723,AUTOMOBILE,0,0,0,1,20.0,Weak Fit
14455622,AUTOMOBILE,0,4,0,0,0.0,Weak Fit
84295343,AUTOMOBILE,0,2,0,1,20.0,Weak Fit
78357954,AUTOMOBILE,0,2,0,1,20.0,Weak Fit
24703983,AUTOMOBILE,0,2,0,1,20.0,Weak Fit
47487091,AUTOMOBILE,10,3,0,2,40.0,Moderate Fit
23009962,AUTOMOBILE,15,4,2,3,60.0,Strong Fit
22732234,AUTOMOBILE,0,4,0,2,40.0,Moderate Fit
18448085,AUTOMOBILE,0,4,1,2,40.0,Moderate Fit
11887930,AUTOMOBILE,0,3,5,2,40.0,Moderate Fit
14508237,AUTOMOBILE,8,2,3,2,40.0,Moderate Fit
15100547,AUTOMOBILE,13,4,0,2,40.0,Moderate Fit
97449528,AUTOMOBILE,12,3,1,3,60.0,Strong Fit
26341645,AUTOMOBILE,0,3,0,3,60.0,Strong Fit
82140102,AUTOMOBILE,0,1,0,1,20.0,Weak Fit
17571262,AUTOMOBILE,0,2,0,1,20.0,Weak Fit
32069695,AUTOMOBILE,0,4,0,2,40.0,Moderate Fit
22946204,AUTOMOBILE,6,4,0,1,20.0,Weak Fit
63989974,AUTOMOBILE,13,3,1,1,20.0,Weak Fit
15484011,AUTOMOBILE,0,0,10,3,60.0,Strong Fit
18932512,AUTOMOBILE,0,1,0,1,20.0,Weak Fit
15210069,AUTOMOBILE,0,4,0,2,40.0,Moderate Fit
25047127,AUTOMOBILE,0,0,0,2,40.0,Moderate Fit
22452756,AUTOMOBILE,37,2,2,0,0.0,Weak Fit
24592627,AUTOMOBILE,30,4,2,1,20.0,Weak Fit
51508889,AUTOMOBILE,11,4,0,3,60.0,Strong Fit
15180322,CHEF,0,0,0,1,20.0,Weak Fit
24221960,CHEF,0,4,1,2,40.0,Moderate Fit
24673903,CHEF,0,3,0,1,20.0,Weak Fit
19007667,CHEF,0,0,0,0,0.0,Weak Fit
30311202,CHEF,0,1,0,1,20.0,Weak Fit
11121498,CHEF,3,2,0,3,60.0,Strong Fit
32518109,CHEF,0,2,0,1,20.0,Weak Fit
26718039,CHEF,0,0,0,0,0.0,Weak Fit
23568731,CHEF,2,2,1,2,40.0,Moderate Fit
14663897,CHEF,0,1,1,2,40.0,Moderate Fit
21904897,CHEF,25,1,0,0,0.0,Weak Fit
23591247,CHEF,0,1,0,2,40.0,Moderate Fit
16594812,CHEF,0,2,1,0,0.0,Weak Fit
19831366,CHEF,0,1,0,1,20.0,Weak Fit
16804396,CHEF,0,2,1,2,40.0,Moderate Fit
92122785,CHEF,0,4,4,1,20.0,Weak Fit
27831220,CHEF,0,2,2,0,0.0,Weak Fit
13411858,CHEF,21,4,0,1,20.0,Weak Fit
25924968,CHEF,0,3,1,1,20.0,Weak Fit
34252537,CHEF,12,4,2,2,40.0,Moderate Fit
81373857,CHEF,0,3,0,1,20.0,Weak Fit
92985983,CHEF,8,2,2,1,20.0,Weak Fit
34452806,CHEF,0,2,2,2,40.0,Moderate Fit
21611637,CHEF,0,2,3,0,0.0,Weak Fit
13095891,CHEF,6,2,0,3,60.0,Strong Fit
12717345,CHEF,0,2,1,2,40.0,Moderate Fit
23841877,CHEF,28,2,1,2,40.0,Moderate Fit
23032276,CHEF,0,2,7,3,60.0,Strong Fit
32605413,CHEF,0,4,0,3,60.0,Strong Fit
65373280,CHEF,22,3,0,3,60.0,Strong Fit
27909372,CHEF,0,4,3,2,40.0,Moderate Fit
47603843,CHEF,0,3,0,0,0.0,Weak Fit
11444536,CHEF,0,3,0,2,40.0,Moderate Fit
25953797,CHEF,4,2,1,0,0.0,Weak Fit
23185829,CHEF,11,3,1,3,60.0,Strong Fit
21869994,CHEF,0,3,0,1,20.0,Weak Fit
28424982,CHEF,0,2,0,1,20.0,Weak Fit
47317494,CHEF,0,3,0,1,20.0,Weak Fit
29784524,CHEF,30,1,0,3,60.0,Strong Fit
10001727,CHEF,0,4,6,3,60.0,Strong Fit
74522938,CHEF,20,4,3,0,0.0,Weak Fit
91591026,CHEF,0,2,3,0,0.0,Weak Fit
21511817,CHEF,0,4,1,1,20.0,Weak Fit
35468363,CHEF,14,2,0,0,0.0,Weak Fit
37231163,CHEF,5,2,1,2,40.0,Moderate Fit
16924102,CHEF,29,0,3,1,20.0,Weak Fit
28092317,CHEF,0,3,0,3,60.0,Strong Fit
16855929,CHEF,0,1,0,1,20.0,Weak Fit
29211359,CHEF,0,4,1,2,40.0,Moderate Fit
27820360,CHEF,0,1,0,1,20.0,Weak Fit
48580330,CHEF,0,2,8,0,0.0,Weak Fit
29072179,CHEF,0,0,1,0,0.0,Weak Fit
94047639,CHEF,16,2,0,3,60.0,Strong Fit
21622444,CHEF,6,4,1,0,0.0,Weak Fit
33964275,CHEF,0,3,0,2,40.0,Moderate Fit
21101152,CHEF,0,4,2,1,20.0,Weak Fit
25128608,CHEF,0,2,1,0,0.0,Weak Fit
18825446,CHEF,0,2,1,2,40.0,Moderate Fit
61322296,CHEF,0,2,0,1,20.0,Weak Fit
20817322,CHEF,22,2,1,2,40.0,Moderate Fit
29449419,CHEF,0,3,2,3,60.0,Strong Fit
20321582,CHEF,0,2,3,1,20.0,Weak Fit
19285236,CHEF,0,0,3,2,40.0,Moderate Fit
13264154,CHEF,0,2,0,1,20.0,Weak Fit
47729453,CHEF,0,3,0,0,0.0,Weak Fit
51554903,CHEF,0,2,0,2,40.0,Moderate Fit
14569498,CHEF,0,4,1,3,60.0,Strong Fit
22561438,CHEF,0,2,1,1,20.0,Weak Fit
12420359,CHEF,0,3,0,3,60.0,Strong Fit
16248476,CHEF,4,1,1,0,0.0,Weak Fit
10653119,CHEF,0,2,4,0,0.0,Weak Fit
11209758,CHEF,15,4,1,1,20.0,Weak Fit
86551046,CHEF,2,2,0,1,20.0,Weak Fit
23807940,CHEF,0,3,3,2,40.0,Moderate Fit
29775391,CHEF,14,0,8,3,60.0,Strong Fit
53265899,CHEF,0,3,0,2,40.0,Moderate Fit
38309905,CHEF,0,2,1,0,0.0,Weak Fit
29772450,CHEF,0,2,0,1,20.0,Weak Fit
21334981,CHEF,0,2,3,1,20.0,Weak Fit
10276858,CHEF,5,1,0,0,0.0,Weak Fit
10588874,CHEF,0,2,2,2,40.0,Moderate Fit
35157762,CHEF,21,4,3,3,60.0,Strong Fit
91072502,CHEF,0,2,0,1,20.0,Weak Fit
13212436,CHEF,29,4,0,1,20.0,Weak Fit
15261348,CHEF,15,3,1,1,20.0,Weak Fit
27662298,CHEF,25,3,1,0,0.0,Weak Fit
16066857,CHEF,0,2,0,1,20.0,Weak Fit
30337969,CHEF,0,4,1,2,40.0,Moderate Fit
10333299,CHEF,0,0,2,3,60.0,Strong Fit
28396528,CHEF,4,4,0,1,20.0,Weak Fit
19268120,CHEF,5,2,6,2,40.0,Moderate Fit
20691949,CHEF,10,4,0,1,20.0,Weak Fit
26189601,CHEF,0,3,1,0,0.0,Weak Fit
30826569,CHEF,15,4,1,2,40.0,Moderate Fit
91268638,CHEF,0,1,0,1,20.0,Weak Fit
18036030,CHEF,0,3,0,2,40.0,Moderate Fit
36366044,CHEF,0,4,0,3,60.0,Strong Fit
23398733,CHEF,0,1,1,0,0.0,Weak Fit
29990140,CHEF,20,3,0,2,40.0,Moderate Fit
30128072,CHEF,5,2,0,1,20.0,Weak Fit
28176889,CHEF,0,4,2,1,20.0,Weak Fit
10889157,CHEF,0,2,1,2,40.0,Moderate Fit
19951766,CHEF,3,2,2,1,20.0,Weak Fit
57262959,CHEF,0,3,0,4,80.0,Strong Fit
20033302,CHEF,15,4,0,1,20.0,Weak Fit
24709432,CHEF,10,3,2,1,20.0,Weak Fit
62555739,CHEF,8,2,0,3,60.0,Strong Fit
31547476,CHEF,6,2,3,1,20.0,Weak Fit
18480859,CHEF,30,2,6,3,60.0,Strong Fit
12254068,CHEF,0,3,0,1,20.0,Weak Fit
11432686,CHEF,20,4,0,4,80.0,Strong Fit
25452321,CHEF,0,1,0,1,20.0,Weak Fit
28230807,CHEF,0,0,4,1,20.0,Weak Fit
15354126,CHEF,15,2,2,2,40.0,Moderate Fit
12155206,CHEF,0,4,1,1,20.0,Weak Fit
27298953,CHEF,0,0,2,3,60.0,Strong Fit
68338341,CHEF,0,2,2,2,40.0,Moderate Fit
22349169,CHEF,12,2,1,0,0.0,Weak Fit
11877150,FINANCE,0,4,1,2,40.0,Moderate Fit
86549455,FINANCE,0,4,0,2,40.0,Moderate Fit
26530575,FINANCE,0,4,5,3,60.0,Strong Fit
23955183,FINANCE,4,3,0,2,40.0,Moderate Fit
24854026,FINANCE,10,4,0,2,40.0,Moderate Fit
48285304,FINANCE,0,3,0,2,40.0,Moderate Fit
14722634,FINANCE,12,0,0,3,60.0,Strong Fit
27789372,FINANCE,3,3,0,2,40.0,Moderate Fit
26767199,FINANCE,0,4,0,2,40.0,Moderate Fit
15891494,FINANCE,0,3,0,1,20.0,Weak Fit
78229715,FINANCE,0,3,0,2,40.0,Moderate Fit
22720697,FINANCE,20,1,0,2,40.0,Moderate Fit
70541112,FINANCE,12,4,0,1,20.0,Weak Fit
20705888,FINANCE,0,3,0,1,20.0,Weak Fit
28522529,FINANCE,6,4,2,2,40.0,Moderate Fit
19147603,FINANCE,25,4,2,2,40.0,Moderate Fit
11490673,FINANCE,0,3,1,2,40.0,Moderate Fit
84356308,FINANCE,16,3,9,3,60.0,Strong Fit
91564103,FINANCE,0,3,0,1,20.0,Weak Fit
22622351,FINANCE,0,4,0,1,20.0,Weak Fit
61634281,FINANCE,10,3,0,1,20.0,Weak Fit
24530382,FINANCE,0,3,1,5,100.0,Strong Fit
27018361,FINANCE,9,2,1,2,40.0,Moderate Fit
92524964,FINANCE,0,3,0,3,60.0,Strong Fit
19405513,FINANCE,0,3,0,1,20.0,Weak Fit
17775916,FINANCE,9,3,0,3,60.0,Strong Fit
18975686,FINANCE,20,3,0,3,60.0,Strong Fit
28758002,FINANCE,0,4,0,4,80.0,Strong Fit
59938965,FINANCE,0,3,0,3,60.0,Strong Fit
28396458,FINANCE,15,1,0,2,40.0,Moderate Fit
27914096,FINANCE,0,0,0,2,40.0,Moderate Fit
57088974,FINANCE,0,2,0,2,40.0,Moderate Fit
26231609,FINANCE,0,3,0,3,60.0,Strong Fit
20836112,FINANCE,0,3,0,3,60.0,Strong Fit
28398216,FINANCE,25,4,2,2,40.0,Moderate Fit
26961846,FINANCE,0,3,0,0,0.0,Weak Fit
37931076,FINANCE,6,2,0,1,20.0,Weak Fit
16426777,FINANCE,0,4,0,3,60.0,Strong Fit
26750846,FINANCE,0,1,2,3,60.0,Strong Fit
28623782,FINANCE,0,4,0,2,40.0,Moderate Fit
81677620,FINANCE,20,4,1,1,20.0,Weak Fit
14413148,FINANCE,3,3,0,1,20.0,Weak Fit
76454959,FINANCE,0,3,0,2,40.0,Moderate Fit
11441764,FINANCE,0,4,0,1,20.0,Weak Fit
24411323,FINANCE,0,0,1,3,60.0,Strong Fit
33685988,FINANCE,0,3,2,1,20.0,Weak Fit
62850928,FINANCE,15,3,1,0,0.0,Weak Fit
34250007,FINANCE,0,3,0,1,20.0,Weak Fit
74849878,FINANCE,0,3,1,1,20.0,Weak Fit
25497147,FINANCE,0,2,0,1,20.0,Weak Fit
31948488,FINANCE,0,3,1,1,20.0,Weak Fit
18640927,FINANCE,2,2,3,2,40.0,Moderate Fit
77638654,FINANCE,8,1,2,3,60.0,Strong Fit
38441665,FINANCE,15,3,2,0,0.0,Weak Fit
18072085,FINANCE,0,0,0,3,60.0,Strong Fit
14408510,FINANCE,0,4,0,2,40.0,Moderate Fit
12858898,FINANCE,0,4,1,1,20.0,Weak Fit
24670867,FINANCE,0,2,0,2,40.0,Moderate Fit
29648950,FINANCE,15,2,0,1,20.0,Weak Fit
27330027,FINANCE,0,4,0,2,40.0,Moderate Fit
17880988,FINANCE,0,4,1,3,60.0,Strong Fit
15011085,FINANCE,12,4,1,2,40.0,Moderate Fit
20977412,FINANCE,0,4,1,2,40.0,Moderate Fit
26013403,FINANCE,0,2,5,3,60.0,Strong Fit
84373843,FINANCE,4,2,0,1,20.0,Weak Fit
21912637,FINANCE,0,4,1,3,60.0,Strong Fit
14181049,FINANCE,0,4,0,4,80.0,Strong Fit
29998869,FINANCE,0,0,1,2,40.0,Moderate Fit
18024825,FINANCE,0,5,0,3,60.0,Strong Fit
28973180,FINANCE,10,4,0,2,40.0,Moderate Fit
23573064,FINANCE,0,2,1,4,80.0,Strong Fit
10549585,FINANCE,0,4,0,3,60.0,Strong Fit
23354541,FINANCE,0,3,0,2,40.0,Moderate Fit
29494962,FINANCE,0,4,1,2,40.0,Moderate Fit
81217013,FINANCE,20,4,0,4,80.0,Strong Fit
39675895,FINANCE,0,4,0,4,80.0,Strong Fit
12071138,FINANCE,0,4,0,2,40.0,Moderate Fit
25330083,FINANCE,0,3,0,1,20.0,Weak Fit
69487178,FINANCE,0,4,2,2,40.0,Moderate Fit
86595128,FINANCE,3,4,0,4,80.0,Strong Fit
74512244,FINANCE,0,4,3,3,60.0,Strong Fit
25678238,FINANCE,0,4,0,4,80.0,Strong Fit
38907798,FINANCE,8,4,0,1,20.0,Weak Fit
58165257,FINANCE,6,3,0,2,40.0,Moderate Fit
93653247,FINANCE,0,4,0,3,60.0,Strong Fit
29612672,FINANCE,12,4,0,1,20.0,Weak Fit
66741193,FINANCE,0,4,1,2,40.0,Moderate Fit
24553863,FINANCE,6,0,0,3,60.0,Strong Fit
16449850,FINANCE,0,2,0,1,20.0,Weak Fit
47410104,FINANCE,0,4,0,2,40.0,Moderate Fit
38225199,FINANCE,0,1,2,3,60.0,Strong Fit
14106638,FINANCE,5,3,3,1,20.0,Weak Fit
19243556,FINANCE,25,3,0,2,40.0,Moderate Fit
20880935,FINANCE,0,2,0,1,20.0,Weak Fit
95519832,FINANCE,9,4,1,1,20.0,Weak Fit
39295103,FINANCE,25,2,0,2,40.0,Moderate Fit
25101183,FINANCE,0,4,4,3,60.0,Strong Fit
88038965,FINANCE,2,3,3,1,20.0,Weak Fit
17392859,FINANCE,0,4,0,1,20.0,Weak Fit
20969845,FINANCE,5,4,0,2,40.0,Moderate Fit
20275356,FINANCE,0,3,0,2,40.0,Moderate Fit
59818742,FINANCE,4,4,4,1,20.0,Weak Fit
72136463,FINANCE,0,4,2,3,60.0,Strong Fit
98513424,FINANCE,0,4,1,3,60.0,Strong Fit
15717923,FINANCE,35,4,0,2,40.0,Moderate Fit
24833063,FINANCE,7,3,4,2,40.0,Moderate Fit
15792052,FINANCE,0,3,1,3,60.0,Strong Fit
59450123,FINANCE,2,4,0,1,20.0,Weak Fit
24611721,FINANCE,0,4,0,2,40.0,Moderate Fit
15224503,FINANCE,0,2,1,1,20.0,Weak Fit
27409087,FINANCE,0,1,3,0,0.0,Weak Fit
20918464,FINANCE,0,4,4,2,40.0,Moderate Fit
19540089,FINANCE,0,4,5,4,80.0,Strong Fit
28724469,FINANCE,0,3,2,0,0.0,Weak Fit
18636651,FINANCE,14,0,0,1,20.0,Weak Fit
59777056,FINANCE,0,3,0,2,40.0,Moderate Fit
22492537,FINANCE,12,3,0,2,40.0,Moderate Fit
24967652,FINANCE,0,4,3,2,40.0,Moderate Fit
24533931,APPAREL,0,2,0,1,20.0,Weak Fit
21807211,APPAREL,0,2,1,2,40.0,Moderate Fit
71767359,APPAREL,0,3,0,3,60.0,Strong Fit
27694040,APPAREL,0,3,0,0,0.0,Weak Fit
15535408,APPAREL,4,2,0,2,40.0,Moderate Fit
13386301,APPAREL,20,3,0,3,60.0,Strong Fit
27091280,APPAREL,0,2,0,2,40.0,Moderate Fit
14413257,APPAREL,0,3,9,2,40.0,Moderate Fit
11677077,APPAREL,0,4,0,2,40.0,Moderate Fit
29521434,APPAREL,0,2,0,1,20.0,Weak Fit
50324968,APPAREL,0,2,0,2,40.0,Moderate Fit
13764840,APPAREL,0,3,0,2,40.0,Moderate Fit
19070271,APPAREL,7,2,0,1,20.0,Weak Fit
56151548,APPAREL,0,2,0,2,40.0,Moderate Fit
16391949,APPAREL,0,2,0,2,40.0,Moderate Fit
13418452,APPAREL,15,2,3,1,20.0,Weak Fit
27099856,APPAREL,0,2,0,1,20.0,Weak Fit
26046878,APPAREL,0,3,0,3,60.0,Strong Fit
35121930,APPAREL,0,4,3,0,0.0,Weak Fit
10182582,APPAREL,0,2,1,1,20.0,Weak Fit
12669075,APPAREL,0,4,4,3,60.0,Strong Fit
16915389,APPAREL,0,3,0,3,60.0,Strong Fit
12668625,APPAREL,0,2,0,1,20.0,Weak Fit
14698557,APPAREL,0,2,0,2,40.0,Moderate Fit
27549075,APPAREL,0,0,0,2,40.0,Moderate Fit
31225895,APPAREL,0,2,0,2,40.0,Moderate Fit
15479281,APPAREL,0,3,0,1,20.0,Weak Fit
26691587,APPAREL,4,1,3,3,60.0,Strong Fit
11232471,APPAREL,0,4,0,0,0.0,Weak Fit
21007083,APPAREL,0,2,0,2,40.0,Moderate Fit
20905088,APPAREL,0,4,1,3,60.0,Strong Fit
16723524,APPAREL,0,4,0,1,20.0,Weak Fit
14937492,APPAREL,0,3,0,2,40.0,Moderate Fit
72807293,APPAREL,0,2,2,2,40.0,Moderate Fit
30344127,APPAREL,5,3,0,3,60.0,Strong Fit
23719943,APPAREL,10,3,0,2,40.0,Moderate Fit
58208591,APPAREL,0,2,4,3,60.0,Strong Fit
15154822,APPAREL,15,2,0,3,60.0,Strong Fit
46514339,APPAREL,0,2,0,2,40.0,Moderate Fit
11409460,APPAREL,0,3,1,1,20.0,Weak Fit
99806115,APPAREL,0,2,0,2,40.0,Moderate Fit
29640922,APPAREL,0,0,4,3,60.0,Strong Fit
12860543,APPAREL,0,3,1,2,40.0,Moderate Fit
29764492,APPAREL,10,2,0,1,20.0,Weak Fit
91533580,APPAREL,0,3,0,3,60.0,Strong Fit
13807808,APPAREL,0,4,0,2,40.0,Moderate Fit
16605640,APPAREL,0,4,0,0,0.0,Weak Fit
17714174,APPAREL,13,4,0,2,40.0,Moderate Fit
28998957,APPAREL,0,4,0,1,20.0,Weak Fit
71499299,APPAREL,14,0,2,1,20.0,Weak Fit
30430249,APPAREL,0,1,0,2,40.0,Moderate Fit
10876132,APPAREL,0,4,1,2,40.0,Moderate Fit
18509268,APPAREL,0,3,0,1,20.0,Weak Fit
35571205,APPAREL,0,4,1,2,40.0,Moderate Fit
23190306,APPAREL,0,2,0,2,40.0,Moderate Fit
29028935,APPAREL,0,2,2,3,60.0,Strong Fit
12059610,APPAREL,0,1,0,1,20.0,Weak Fit
26829561,APPAREL,0,4,3,1,20.0,Weak Fit
78273826,APPAREL,0,3,0,2,40.0,Moderate Fit
27176039,APPAREL,0,2,0,5,100.0,Strong Fit
22249155,APPAREL,0,2,0,0,0.0,Weak Fit
25142074,APPAREL,0,3,3,1,20.0,Weak Fit
19402977,APPAREL,0,2,0,2,40.0,Moderate Fit
13858219,APPAREL,13,2,0,2,40.0,Moderate Fit
15746146,APPAREL,20,3,0,1,20.0,Weak Fit
17659053,APPAREL,0,4,0,3,60.0,Strong Fit
26586477,APPAREL,15,2,0,2,40.0,Moderate Fit
37750854,APPAREL,20,2,0,0,0.0,Weak Fit
33665485,APPAREL,0,3,0,2,40.0,Moderate Fit
26098594,APPAREL,25,1,1,2,40.0,Moderate Fit
91026230,APPAREL,0,4,3,2,40.0,Moderate Fit
16985289,APPAREL,0,4,0,3,60.0,Strong Fit
54308684,APPAREL,0,3,1,3,60.0,Strong Fit
10562768,APPAREL,0,4,17,3,60.0,Strong Fit
41586420,APPAREL,0,4,0,2,40.0,Moderate Fit
21570485,APPAREL,0,3,0,2,40.0,Moderate Fit
12122372,APPAREL,0,3,0,3,60.0,Strong Fit
14304010,APPAREL,0,3,0,1,20.0,Weak Fit
36136569,APPAREL,14,3,0,3,60.0,Strong Fit
35603950,APPAREL,0,2,0,1,20.0,Weak Fit
52252936,APPAREL,0,2,6,2,40.0,Moderate Fit
70750649,APPAREL,7,4,0,2,40.0,Moderate Fit
43852883,APPAREL,0,4,7,1,20.0,Weak Fit
31761591,APPAREL,0,4,1,2,40.0,Moderate Fit
31362807,APPAREL,0,2,1,2,40.0,Moderate Fit
24516163,APPAREL,0,3,0,2,40.0,Moderate Fit
20504094,APPAREL,0,4,0,2,40.0,Moderate Fit
24989856,APPAREL,0,2,1,1,20.0,Weak Fit
16500168,APPAREL,0,3,0,2,40.0,Moderate Fit
35985133,APPAREL,0,4,1,2,40.0,Moderate Fit
22852364,APPAREL,0,4,1,1,20.0,Weak Fit
83566455,APPAREL,0,4,0,0,0.0,Weak Fit
10738095,APPAREL,0,2,1,2,40.0,Moderate Fit
36094883,APPAREL,0,2,1,3,60.0,Strong Fit
19714635,APPAREL,0,3,0,2,40.0,Moderate Fit
56025640,APPAREL,0,1,1,3,60.0,Strong Fit
25543217,APPAREL,0,2,0,0,0.0,Weak Fit
14206561,ENGINEERING,0,0,2,1,3.6,Weak Fit
15139979,ENGINEERING,20,4,0,3,10.7,Weak Fit
44624796,ENGINEERING,25,0,0,3,10.7,Weak Fit
54227873,ENGINEERING,0,4,0,5,17.9,Weak Fit
28005884,ENGINEERING,7,0,2,0,0.0,Weak Fit
82246962,ENGINEERING,10,2,2,4,14.3,Weak Fit
13149176,ENGINEERING,0,3,0,0,0.0,Weak Fit
12022566,ENGINEERING,0,4,0,1,3.6,Weak Fit
20981299,ENGINEERING,0,4,0,1,3.6,Weak Fit
25919149,ENGINEERING,4,2,1,2,7.1,Weak Fit
86828820,ENGINEERING,0,4,1,3,10.7,Weak Fit
28320387,ENGINEERING,4,3,0,2,7.1,Weak Fit
27756469,ENGINEERING,5,4,1,2,7.1,Weak Fit
14049846,ENGINEERING,0,4,0,0,0.0,Weak Fit
43752620,ENGINEERING,0,4,1,0,0.0,Weak Fit
74236636,ENGINEERING,0,3,1,2,7.1,Weak Fit
47549345,ENGINEERING,0,4,3,1,3.6,Weak Fit
28505854,ENGINEERING,0,4,1,5,17.9,Weak Fit
38535335,ENGINEERING,0,2,0,1,3.6,Weak Fit
25608963,ENGINEERING,8,4,1,3,10.7,Weak Fit
24647794,ENGINEERING,0,4,0,5,17.9,Weak Fit
16803215,ENGINEERING,0,1,0,2,7.1,Weak Fit
37335325,ENGINEERING,20,4,2,5,17.9,Weak Fit
81125166,ENGINEERING,0,3,0,4,14.3,Weak Fit
32081266,ENGINEERING,0,4,0,6,21.4,Weak Fit
25797445,ENGINEERING,0,2,0,3,10.7,Weak Fit
28831378,ENGINEERING,0,3,1,2,7.1,Weak Fit
50328713,ENGINEERING,0,0,0,5,17.9,Weak Fit
27040860,ENGINEERING,10,3,0,3,10.7,Weak Fit
21807224,ENGINEERING,20,2,4,1,3.6,Weak Fit
17926546,ENGINEERING,8,2,0,4,14.3,Weak Fit
20882041,ENGINEERING,30,3,0,4,14.3,Weak Fit
56691064,ENGINEERING,0,4,3,2,7.1,Weak Fit
64755882,ENGINEERING,0,4,1,2,7.1,Weak Fit
30097175,ENGINEERING,12,2,6,3,10.7,Weak Fit
28628090,ENGINEERING,20,4,1,4,14.3,Weak Fit
19612167,ENGINEERING,9,1,0,4,14.3,Weak Fit
21298336,ENGINEERING,0,4,0,2,7.1,Weak Fit
25930778,ENGINEERING,0,0,0,0,0.0,Weak Fit
31684925,ENGINEERING,0,3,0,2,7.1,Weak Fit
39855211,ENGINEERING,0,2,0,4,14.3,Weak Fit
12518008,ENGINEERING,6,3,3,1,3.6,Weak Fit
20566550,ENGINEERING,22,4,3,5,17.9,Weak Fit
55953734,ENGINEERING,9,4,0,1,3.6,Weak Fit
23234047,ENGINEERING,0,3,2,1,3.6,Weak Fit
38314236,ENGINEERING,8,0,1,2,7.1,Weak Fit
25425322,ENGINEERING,0,4,0,2,7.1,Weak Fit
55595908,ENGINEERING,10,3,0,2,7.1,Weak Fit
28631840,ENGINEERING,24,4,3,2,7.1,Weak Fit
23438227,ENGINEERING,25,1,3,2,7.1,Weak Fit
35737840,ENGINEERING,3,1,0,1,3.6,Weak Fit
90280583,ENGINEERING,12,4,1,4,14.3,Weak Fit
51588273,ENGINEERING,15,0,0,6,21.4,Weak Fit
15601399,ENGINEERING,0,3,0,2,7.1,Weak Fit
64468610,ENGINEERING,20,4,0,4,14.3,Weak Fit
28078163,ENGINEERING,20,4,0,4,14.3,Weak Fit
31677347,ENGINEERING,0,4,0,5,17.9,Weak Fit
28762662,ENGINEERING,20,4,1,5,17.9,Weak Fit
15858254,ENGINEERING,10,2,2,3,10.7,Weak Fit
16911115,ENGINEERING,0,4,0,2,7.1,Weak Fit
27152464,ENGINEERING,14,4,11,7,25.0,Weak Fit
35651876,ENGINEERING,0,2,5,2,7.1,Weak Fit
19124258,ENGINEERING,10,3,1,1,3.6,Weak Fit
24322804,ENGINEERING,0,3,0,5,17.9,Weak Fit
12488356,ENGINEERING,0,5,3,3,10.7,Weak Fit
26834746,ENGINEERING,0,2,2,4,14.3,Weak Fit
32985311,ENGINEERING,0,2,4,3,10.7,Weak Fit
39835894,ENGINEERING,0,4,0,1,3.6,Weak Fit
21847415,ENGINEERING,0,3,1,3,10.7,Weak Fit
30288581,ENGINEERING,0,4,0,2,7.1,Weak Fit
36149549,ENGINEERING,0,4,1,3,10.7,Weak Fit
17103000,ENGINEERING,0,4,1,3,10.7,Weak Fit
12011623,ENGINEERING,3,4,0,4,14.3,Weak Fit
12748557,ENGINEERING,25,3,0,3,10.7,Weak Fit
28923650,ENGINEERING,0,4,0,0,0.0,Weak Fit
30542184,ENGINEERING,24,4,0,2,7.1,Weak Fit
19396040,ENGINEERING,0,4,0,4,14.3,Weak Fit
35389360,ENGINEERING,2,3,7,6,21.4,Weak Fit
36517781,ENGINEERING,0,3,1,5,17.9,Weak Fit
15941675,ENGINEERING,0,3,2,2,7.1,Weak Fit
19397727,ENGINEERING,2,4,6,2,7.1,Weak Fit
47919212,ENGINEERING,0,5,0,4,14.3,Weak Fit
10712803,ENGINEERING,20,2,2,2,7.1,Weak Fit
14554542,ENGINEERING,29,4,0,2,7.1,Weak Fit
22605864,ENGINEERING,10,3,3,3,10.7,Weak Fit
49127329,ENGINEERING,0,4,3,2,7.1,Weak Fit
10219099,ENGINEERING,20,2,2,3,10.7,Weak Fit
82125182,ENGINEERING,0,3,0,3,10.7,Weak Fit
22890839,ENGINEERING,4,0,2,3,10.7,Weak Fit
17108676,ENGINEERING,0,3,1,5,17.9,Weak Fit
17488801,ENGINEERING,0,3,0,4,14.3,Weak Fit
23497307,ENGINEERING,0,3,0,5,17.9,Weak Fit
19553067,ENGINEERING,10,2,1,1,3.6,Weak Fit
11981094,ENGINEERING,20,4,0,4,14.3,Weak Fit
17043822,ENGINEERING,20,0,4,4,14.3,Weak Fit
21038022,ENGINEERING,30,3,1,7,25.0,Weak Fit
60004873,ENGINEERING,0,4,0,1,3.6,Weak Fit
38220146,ENGINEERING,12,0,0,2,7.1,Weak Fit
47276718,ENGINEERING,25,0,2,3,10.7,Weak Fit
28630325,ENGINEERING,0,4,0,1,3.6,Weak Fit
13264796,ENGINEERING,5,4,0,3,10.7,Weak Fit
96029688,ENGINEERING,0,4,0,1,3.6,Weak Fit
32802563,ENGINEERING,0,3,0,2,7.1,Weak Fit
18753367,ENGINEERING,15,4,1,3,10.7,Weak Fit
26456899,ENGINEERING,0,3,1,5,17.9,Weak Fit
10985403,ENGINEERING,5,5,3,0,0.0,Weak Fit
10030015,ENGINEERING,0,2,2,0,0.0,Weak Fit
86209934,ENGINEERING,0,3,2,1,3.6,Weak Fit
11890896,ENGINEERING,8,4,0,4,14.3,Weak Fit
10624813,ENGINEERING,17,4,0,9,32.1,Moderate Fit
61579998,ENGINEERING,0,4,0,3,10.7,Weak Fit
62071407,ENGINEERING,25,4,0,2,7.1,Weak Fit
12472574,ENGINEERING,0,0,2,6,21.4,Weak Fit
31694970,ENGINEERING,0,4,3,4,14.3,Weak Fit
33685075,ENGINEERING,14,4,0,1,3.6,Weak Fit
77828437,ENGINEERING,0,4,0,2,7.1,Weak Fit
35172961,ENGINEERING,0,5,0,0,0.0,Weak Fit
21629057,ENGINEERING,5,2,1,3,10.7,Weak Fit
15906625,ACCOUNTANT,15,3,0,1,20.0,Weak Fit
30361788,ACCOUNTANT,0,0,1,0,0.0,Weak Fit
21031285,ACCOUNTANT,0,4,0,1,20.0,Weak Fit
25749150,ACCOUNTANT,0,3,2,2,40.0,Moderate Fit
12338274,ACCOUNTANT,0,4,0,1,20.0,Weak Fit
33527446,ACCOUNTANT,5,3,3,1,20.0,Weak Fit
12442909,ACCOUNTANT,0,3,0,3,60.0,Strong Fit
37997506,ACCOUNTANT,8,4,0,1,20.0,Weak Fit
37370455,ACCOUNTANT,3,3,0,3,60.0,Strong Fit
10554236,ACCOUNTANT,0,3,2,3,60.0,Strong Fit
31602598,ACCOUNTANT,35,3,1,1,20.0,Weak Fit
19545827,ACCOUNTANT,0,4,1,2,40.0,Moderate Fit
14470533,ACCOUNTANT,20,2,1,1,20.0,Weak Fit
43685045,ACCOUNTANT,0,3,2,1,20.0,Weak Fit
18365791,ACCOUNTANT,0,3,0,1,20.0,Weak Fit
14224370,ACCOUNTANT,10,3,0,2,40.0,Moderate Fit
21794875,ACCOUNTANT,0,4,1,2,40.0,Moderate Fit
23734441,ACCOUNTANT,0,0,0,1,20.0,Weak Fit
39115899,ACCOUNTANT,0,4,2,2,40.0,Moderate Fit
23139819,ACCOUNTANT,0,4,0,1,20.0,Weak Fit
42487883,ACCOUNTANT,0,3,1,1,20.0,Weak Fit
23636277,ACCOUNTANT,0,4,2,3,60.0,Strong Fit
21338490,ACCOUNTANT,18,4,1,2,40.0,Moderate Fit
14491649,ACCOUNTANT,0,4,0,2,40.0,Moderate Fit
17407184,ACCOUNTANT,0,4,1,3,60.0,Strong Fit
30813919,ACCOUNTANT,20,0,11,3,60.0,Strong Fit
78403342,ACCOUNTANT,0,3,2,3,60.0,Strong Fit
20393721,ACCOUNTANT,0,4,2,1,20.0,Weak Fit
24817041,ACCOUNTANT,0,4,0,1,20.0,Weak Fit
27980446,ACCOUNTANT,0,4,0,1,20.0,Weak Fit
25462793,ACCOUNTANT,0,4,3,1,20.0,Weak Fit
29456173,ACCOUNTANT,0,4,0,1,20.0,Weak Fit
59403481,ACCOUNTANT,0,3,2,2,40.0,Moderate Fit
13491889,ACCOUNTANT,0,4,3,2,40.0,Moderate Fit
25846894,ACCOUNTANT,0,3,0,2,40.0,Moderate Fit
53640713,ACCOUNTANT,8,4,0,1,20.0,Weak Fit
11163645,ACCOUNTANT,0,0,1,2,40.0,Moderate Fit
23513618,ACCOUNTANT,10,4,1,3,60.0,Strong Fit
75286906,ACCOUNTANT,2,3,0,1,20.0,Weak Fit
20253563,ACCOUNTANT,15,3,0,2,40.0,Moderate Fit
16237710,ACCOUNTANT,0,3,1,3,60.0,Strong Fit
13294301,ACCOUNTANT,0,3,0,1,20.0,Weak Fit
13130984,ACCOUNTANT,0,4,0,2,40.0,Moderate Fit
25127518,ACCOUNTANT,0,2,0,1,20.0,Weak Fit
24799301,ACCOUNTANT,0,4,0,0,0.0,Weak Fit
25067742,ACCOUNTANT,0,3,1,1,20.0,Weak Fit
15821633,ACCOUNTANT,0,4,1,1,20.0,Weak Fit
15363277,ACCOUNTANT,20,4,0,3,60.0,Strong Fit
18132924,ACCOUNTANT,0,1,2,1,20.0,Weak Fit
63137898,ACCOUNTANT,0,3,0,2,40.0,Moderate Fit
21763056,ACCOUNTANT,0,4,0,1,20.0,Weak Fit
20624984,ACCOUNTANT,0,4,0,0,0.0,Weak Fit
25935030,ACCOUNTANT,2,2,0,1,20.0,Weak Fit
17556527,ACCOUNTANT,0,4,1,1,20.0,Weak Fit
28939941,ACCOUNTANT,3,4,5,2,40.0,Moderate Fit
28359817,ACCOUNTANT,0,2,0,0,0.0,Weak Fit
20345168,ACCOUNTANT,0,3,0,1,20.0,Weak Fit
14496667,ACCOUNTANT,0,3,1,1,20.0,Weak Fit
25862026,ACCOUNTANT,8,4,0,1,20.0,Weak Fit
23246831,ACCOUNTANT,11,3,1,2,40.0,Moderate Fit
49204385,ACCOUNTANT,0,4,1,3,60.0,Strong Fit
12802330,ACCOUNTANT,0,0,0,2,40.0,Moderate Fit
22925443,ACCOUNTANT,0,3,0,2,40.0,Moderate Fit
28614791,ACCOUNTANT,10,2,2,1,20.0,Weak Fit
30304575,ACCOUNTANT,0,4,1,2,40.0,Moderate Fit
26065877,ACCOUNTANT,0,3,0,1,20.0,Weak Fit
29821051,ACCOUNTANT,8,4,0,4,80.0,Strong Fit
29999135,ACCOUNTANT,0,3,0,2,40.0,Moderate Fit
21853199,ACCOUNTANT,0,3,0,1,20.0,Weak Fit
39674178,ACCOUNTANT,26,3,0,0,0.0,Weak Fit
14449423,ACCOUNTANT,10,3,0,2,40.0,Moderate Fit
25547145,ACCOUNTANT,10,1,0,2,40.0,Moderate Fit
14055988,ACCOUNTANT,0,4,0,1,20.0,Weak Fit
27637576,ACCOUNTANT,23,1,0,2,40.0,Moderate Fit
49997097,ACCOUNTANT,10,3,0,1,20.0,Weak Fit
27558837,ACCOUNTANT,0,3,0,2,40.0,Moderate Fit
14126433,ACCOUNTANT,0,4,0,2,40.0,Moderate Fit
34198885,ACCOUNTANT,0,4,0,1,20.0,Weak Fit
62809577,ACCOUNTANT,15,0,1,2,40.0,Moderate Fit
12065211,ACCOUNTANT,0,4,2,2,40.0,Moderate Fit
23416654,ACCOUNTANT,0,0,1,3,60.0,Strong Fit
38847011,ACCOUNTANT,0,4,1,0,0.0,Weak Fit
27573855,ACCOUNTANT,15,4,0,4,80.0,Strong Fit
15592167,ACCOUNTANT,5,4,0,3,60.0,Strong Fit
20082776,ACCOUNTANT,12,3,1,0,0.0,Weak Fit
10674770,ACCOUNTANT,0,3,0,1,20.0,Weak Fit
24294778,ACCOUNTANT,0,3,0,2,40.0,Moderate Fit
11759079,ACCOUNTANT,0,3,3,1,20.0,Weak Fit
18669563,ACCOUNTANT,0,4,0,1,20.0,Weak Fit
18569929,ACCOUNTANT,0,4,1,1,20.0,Weak Fit
80053367,ACCOUNTANT,0,3,2,1,20.0,Weak Fit
87635012,ACCOUNTANT,0,4,0,1,20.0,Weak Fit
24703009,ACCOUNTANT,0,2,1,0,0.0,Weak Fit
25867805,ACCOUNTANT,0,4,0,2,40.0,Moderate Fit
35554162,ACCOUNTANT,17,4,0,1,20.0,Weak Fit
13701259,ACCOUNTANT,0,3,1,1,20.0,Weak Fit
12202337,ACCOUNTANT,0,4,0,3,60.0,Strong Fit
19446337,ACCOUNTANT,3,4,2,2,40.0,Moderate Fit
15289348,ACCOUNTANT,0,4,0,1,20.0,Weak Fit
28969385,ACCOUNTANT,15,4,1,4,80.0,Strong Fit
36425270,ACCOUNTANT,0,3,0,2,40.0,Moderate Fit
78257294,ACCOUNTANT,15,0,2,1,20.0,Weak Fit
23438112,ACCOUNTANT,11,4,2,1,20.0,Weak Fit
98559931,ACCOUNTANT,7,3,0,3,60.0,Strong Fit
17306905,ACCOUNTANT,15,3,0,2,40.0,Moderate Fit
12780508,ACCOUNTANT,5,3,1,2,40.0,Moderate Fit
26975573,ACCOUNTANT,15,4,0,3,60.0,Strong Fit
28298773,ACCOUNTANT,12,4,0,1,20.0,Weak Fit
29050809,ACCOUNTANT,10,4,2,2,40.0,Moderate Fit
34816637,ACCOUNTANT,0,0,1,1,20.0,Weak Fit
22465498,ACCOUNTANT,10,0,2,2,40.0,Moderate Fit
24103168,ACCOUNTANT,8,4,1,1,20.0,Weak Fit
36024962,ACCOUNTANT,0,3,0,1,20.0,Weak Fit
18635654,ACCOUNTANT,6,0,0,2,40.0,Moderate Fit
50222417,ACCOUNTANT,4,4,3,1,20.0,Weak Fit
23387174,ACCOUNTANT,16,3,0,2,40.0,Moderate Fit
13072019,ACCOUNTANT,0,1,3,2,40.0,Moderate Fit
82649935,ACCOUNTANT,0,3,0,2,40.0,Moderate Fit
99433371,CONSTRUCTION,0,3,0,1,20.0,Weak Fit
10734870,CONSTRUCTION,0,0,4,3,60.0,Strong Fit
18472240,CONSTRUCTION,0,0,1,0,0.0,Weak Fit
71576860,CONSTRUCTION,0,1,0,2,40.0,Moderate Fit
29087505,CONSTRUCTION,0,0,0,3,60.0,Strong Fit
22965804,CONSTRUCTION,0,3,0,0,0.0,Weak Fit
33141415,CONSTRUCTION,0,3,0,2,40.0,Moderate Fit
26509539,CONSTRUCTION,0,1,4,2,40.0,Moderate Fit
36331163,CONSTRUCTION,5,1,0,3,60.0,Strong Fit
25656981,CONSTRUCTION,3,0,4,1,20.0,Weak Fit
26091595,CONSTRUCTION,0,2,0,2,40.0,Moderate Fit
11393213,CONSTRUCTION,0,2,2,1,20.0,Weak Fit
14900898,CONSTRUCTION,26,1,3,2,40.0,Moderate Fit
25098739,CONSTRUCTION,0,1,1,2,40.0,Moderate Fit
78114950,CONSTRUCTION,26,4,4,2,40.0,Moderate Fit
35971546,CONSTRUCTION,20,4,3,2,40.0,Moderate Fit
22019500,CONSTRUCTION,33,1,0,3,60.0,Strong Fit
12839152,CONSTRUCTION,0,0,6,3,60.0,Strong Fit
16353584,CONSTRUCTION,26,1,0,2,40.0,Moderate Fit
29878348,CONSTRUCTION,0,2,0,0,0.0,Weak Fit
28815362,CONSTRUCTION,0,4,2,3,60.0,Strong Fit
15564893,CONSTRUCTION,0,4,0,3,60.0,Strong Fit
12491898,CONSTRUCTION,10,4,6,2,40.0,Moderate Fit
29574501,CONSTRUCTION,13,1,2,2,40.0,Moderate Fit
32799518,CONSTRUCTION,0,2,0,2,40.0,Moderate Fit
28942221,CONSTRUCTION,0,4,0,1,20.0,Weak Fit
10176013,CONSTRUCTION,6,3,1,3,60.0,Strong Fit
16378091,CONSTRUCTION,0,2,0,2,40.0,Moderate Fit
16203589,CONSTRUCTION,0,0,0,3,60.0,Strong Fit
63145386,CONSTRUCTION,0,3,0,1,20.0,Weak Fit
13907230,CONSTRUCTION,0,3,0,2,40.0,Moderate Fit
21586858,CONSTRUCTION,18,2,6,2,40.0,Moderate Fit
61065616,CONSTRUCTION,0,3,0,3,60.0,Strong Fit
19471144,CONSTRUCTION,0,4,1,1,20.0,Weak Fit
17342969,CONSTRUCTION,3,3,1,3,60.0,Strong Fit
10041713,CONSTRUCTION,9,3,3,2,40.0,Moderate Fit
24770846,CONSTRUCTION,17,2,2,2,40.0,Moderate Fit
24740005,CONSTRUCTION,10,3,4,4,80.0,Strong Fit
14585273,CONSTRUCTION,10,3,0,1,20.0,Weak Fit
28756444,CONSTRUCTION,0,1,6,2,40.0,Moderate Fit
10281555,CONSTRUCTION,0,2,0,3,60.0,Strong Fit
48549972,CONSTRUCTION,0,2,5,0,0.0,Weak Fit
17252448,CONSTRUCTION,5,4,0,2,40.0,Moderate Fit
15721849,CONSTRUCTION,25,4,2,3,60.0,Strong Fit
56525735,CONSTRUCTION,0,3,2,0,0.0,Weak Fit
51638201,CONSTRUCTION,8,1,2,3,60.0,Strong Fit
94503308,CONSTRUCTION,0,4,1,2,40.0,Moderate Fit
27835351,CONSTRUCTION,5,1,0,0,0.0,Weak Fit
38946032,CONSTRUCTION,15,4,1,3,60.0,Strong Fit
39674782,CONSTRUCTION,15,4,3,3,60.0,Strong Fit
29193505,CONSTRUCTION,0,3,4,2,40.0,Moderate Fit
12890045,CONSTRUCTION,0,0,2,3,60.0,Strong Fit
29894080,CONSTRUCTION,0,0,2,2,40.0,Moderate Fit
32025286,CONSTRUCTION,0,2,2,2,40.0,Moderate Fit
21567392,CONSTRUCTION,0,3,1,3,60.0,Strong Fit
32265203,CONSTRUCTION,0,0,0,3,60.0,Strong Fit
27246366,CONSTRUCTION,0,3,5,2,40.0,Moderate Fit
27066370,CONSTRUCTION,0,3,1,0,0.0,Weak Fit
21363048,CONSTRUCTION,20,4,5,4,80.0,Strong Fit
21782152,CONSTRUCTION,10,2,1,2,40.0,Moderate Fit
16626724,CONSTRUCTION,13,3,1,2,40.0,Moderate Fit
25224998,CONSTRUCTION,0,4,2,0,0.0,Weak Fit
28803888,CONSTRUCTION,7,3,1,1,20.0,Weak Fit
25187733,CONSTRUCTION,15,4,2,3,60.0,Strong Fit
88859947,CONSTRUCTION,0,2,6,3,60.0,Strong Fit
17570634,CONSTRUCTION,0,3,2,4,80.0,Strong Fit
10149490,CONSTRUCTION,23,1,5,3,60.0,Strong Fit
19364677,CONSTRUCTION,0,4,3,3,60.0,Strong Fit
22983516,CONSTRUCTION,3,1,0,2,40.0,Moderate Fit
31850269,CONSTRUCTION,0,4,2,3,60.0,Strong Fit
27243670,CONSTRUCTION,30,4,3,4,80.0,Strong Fit
44147689,CONSTRUCTION,0,4,4,3,60.0,Strong Fit
12654876,CONSTRUCTION,0,4,5,2,40.0,Moderate Fit
49685006,CONSTRUCTION,0,2,0,2,40.0,Moderate Fit
12212468,CONSTRUCTION,16,4,0,3,60.0,Strong Fit
29483501,CONSTRUCTION,0,4,0,3,60.0,Strong Fit
69764348,CONSTRUCTION,0,4,0,3,60.0,Strong Fit
18882984,CONSTRUCTION,22,2,2,3,60.0,Strong Fit
45475027,CONSTRUCTION,0,4,3,3,60.0,Strong Fit
34544955,CONSTRUCTION,14,3,1,2,40.0,Moderate Fit
93436805,CONSTRUCTION,0,4,0,2,40.0,Moderate Fit
39908485,CONSTRUCTION,21,3,4,4,80.0,Strong Fit
39566718,CONSTRUCTION,10,4,2,2,40.0,Moderate Fit
12666174,CONSTRUCTION,20,3,1,2,40.0,Moderate Fit
20565849,CONSTRUCTION,0,2,1,0,0.0,Weak Fit
12693146,CONSTRUCTION,0,3,4,3,60.0,Strong Fit
14849103,CONSTRUCTION,0,4,1,3,60.0,Strong Fit
10100240,CONSTRUCTION,4,4,1,3,60.0,Strong Fit
22894544,CONSTRUCTION,4,1,0,1,20.0,Weak Fit
19928941,CONSTRUCTION,0,0,0,0,0.0,Weak Fit
39027764,CONSTRUCTION,38,0,1,3,60.0,Strong Fit
23818675,CONSTRUCTION,20,3,2,3,60.0,Strong Fit
24953126,CONSTRUCTION,20,1,6,2,40.0,Moderate Fit
22718826,CONSTRUCTION,30,1,3,2,40.0,Moderate Fit
24361598,CONSTRUCTION,0,2,4,2,40.0,Moderate Fit
20681037,CONSTRUCTION,0,2,0,2,40.0,Moderate Fit
16924279,CONSTRUCTION,0,4,1,2,40.0,Moderate Fit
30311725,CONSTRUCTION,30,4,2,4,80.0,Strong Fit
29061628,CONSTRUCTION,0,3,1,0,0.0,Weak Fit
33023370,CONSTRUCTION,8,4,0,1,20.0,Weak Fit
32773331,CONSTRUCTION,20,1,5,3,60.0,Strong Fit
10820510,CONSTRUCTION,21,0,8,1,20.0,Weak Fit
28949406,CONSTRUCTION,0,3,0,1,20.0,Weak Fit
12826414,CONSTRUCTION,3,4,3,3,60.0,Strong Fit
63083944,CONSTRUCTION,0,3,3,4,80.0,Strong Fit
22546476,CONSTRUCTION,16,4,2,1,20.0,Weak Fit
90032884,CONSTRUCTION,0,4,2,1,20.0,Weak Fit
27187994,CONSTRUCTION,0,1,0,0,0.0,Weak Fit
30397268,CONSTRUCTION,0,1,0,4,80.0,Strong Fit
78298706,CONSTRUCTION,0,1,0,2,40.0,Moderate Fit
11650031,CONSTRUCTION,0,1,1,2,40.0,Moderate Fit
12695537,CONSTRUCTION,0,5,1,3,60.0,Strong Fit
31392754,PUBLIC-RELATIONS,15,2,0,3,60.0,Strong Fit
23143731,PUBLIC-RELATIONS,0,2,0,1,20.0,Weak Fit
26130673,PUBLIC-RELATIONS,0,3,0,2,40.0,Moderate Fit
25070914,PUBLIC-RELATIONS,15,3,0,3,60.0,Strong Fit
37913536,PUBLIC-RELATIONS,0,4,0,1,20.0,Weak Fit
14278888,PUBLIC-RELATIONS,0,3,0,0,0.0,Weak Fit
28831442,PUBLIC-RELATIONS,4,2,0,2,40.0,Moderate Fit
98086373,PUBLIC-RELATIONS,5,3,1,2,40.0,Moderate Fit
23673025,PUBLIC-RELATIONS,0,3,2,2,40.0,Moderate Fit
10070224,PUBLIC-RELATIONS,11,4,0,2,40.0,Moderate Fit
28290448,PUBLIC-RELATIONS,0,4,1,3,60.0,Strong Fit
24559558,PUBLIC-RELATIONS,20,5,1,2,40.0,Moderate Fit
28862054,PUBLIC-RELATIONS,0,3,2,3,60.0,Strong Fit
14536764,PUBLIC-RELATIONS,0,0,0,3,60.0,Strong Fit
37087371,PUBLIC-RELATIONS,0,4,3,1,20.0,Weak Fit
12191094,PUBLIC-RELATIONS,0,4,1,2,40.0,Moderate Fit
12920612,PUBLIC-RELATIONS,30,4,0,2,40.0,Moderate Fit
14009087,PUBLIC-RELATIONS,4,3,0,3,60.0,Strong Fit
91197243,PUBLIC-RELATIONS,13,2,1,4,80.0,Strong Fit
12545844,PUBLIC-RELATIONS,0,3,0,4,80.0,Strong Fit
31292364,PUBLIC-RELATIONS,0,4,4,4,80.0,Strong Fit
11902276,PUBLIC-RELATIONS,0,4,1,3,60.0,Strong Fit
18436190,PUBLIC-RELATIONS,7,2,1,3,60.0,Strong Fit
23771896,PUBLIC-RELATIONS,0,3,0,2,40.0,Moderate Fit
25413261,PUBLIC-RELATIONS,20,3,0,4,80.0,Strong Fit
49119887,PUBLIC-RELATIONS,5,3,0,3,60.0,Strong Fit
27000192,PUBLIC-RELATIONS,0,4,2,3,60.0,Strong Fit
27257013,PUBLIC-RELATIONS,0,4,2,3,60.0,Strong Fit
45900271,PUBLIC-RELATIONS,0,0,0,3,60.0,Strong Fit
22560013,PUBLIC-RELATIONS,0,0,0,3,60.0,Strong Fit
24977396,PUBLIC-RELATIONS,0,3,0,2,40.0,Moderate Fit
14364597,PUBLIC-RELATIONS,0,3,0,2,40.0,Moderate Fit
59346975,PUBLIC-RELATIONS,0,4,0,3,60.0,Strong Fit
11850315,PUBLIC-RELATIONS,0,0,0,3,60.0,Strong Fit
24710433,PUBLIC-RELATIONS,0,5,1,2,40.0,Moderate Fit
21297828,PUBLIC-RELATIONS,0,3,1,2,40.0,Moderate Fit
26330995,PUBLIC-RELATIONS,0,4,1,2,40.0,Moderate Fit
30642458,PUBLIC-RELATIONS,0,4,0,2,40.0,Moderate Fit
19503224,PUBLIC-RELATIONS,7,4,6,3,60.0,Strong Fit
36107065,PUBLIC-RELATIONS,7,4,0,4,80.0,Strong Fit
10554045,PUBLIC-RELATIONS,0,4,1,1,20.0,Weak Fit
29525715,PUBLIC-RELATIONS,0,4,1,3,60.0,Strong Fit
15917885,PUBLIC-RELATIONS,0,4,0,1,20.0,Weak Fit
12567516,PUBLIC-RELATIONS,0,3,0,2,40.0,Moderate Fit
21478007,PUBLIC-RELATIONS,5,3,0,3,60.0,Strong Fit
24590489,PUBLIC-RELATIONS,0,2,0,2,40.0,Moderate Fit
14667659,PUBLIC-RELATIONS,0,1,1,4,80.0,Strong Fit
19929506,PUBLIC-RELATIONS,0,3,0,3,60.0,Strong Fit
31220062,PUBLIC-RELATIONS,10,0,1,3,60.0,Strong Fit
26173524,PUBLIC-RELATIONS,0,4,0,3,60.0,Strong Fit
85973397,PUBLIC-RELATIONS,10,4,0,2,40.0,Moderate Fit
18133495,PUBLIC-RELATIONS,0,1,0,4,80.0,Strong Fit
14128006,PUBLIC-RELATIONS,0,3,1,1,20.0,Weak Fit
16620172,PUBLIC-RELATIONS,0,4,1,2,40.0,Moderate Fit
25001005,PUBLIC-RELATIONS,10,4,0,2,40.0,Moderate Fit
19497420,PUBLIC-RELATIONS,10,3,3,3,60.0,Strong Fit
37375999,PUBLIC-RELATIONS,0,3,0,2,40.0,Moderate Fit
11160414,PUBLIC-RELATIONS,0,2,0,2,40.0,Moderate Fit
85766635,PUBLIC-RELATIONS,4,4,0,3,60.0,Strong Fit
16226743,PUBLIC-RELATIONS,0,4,0,3,60.0,Strong Fit
61319162,PUBLIC-RELATIONS,0,4,4,2,40.0,Moderate Fit
38056161,PUBLIC-RELATIONS,0,4,1,3,60.0,Strong Fit
65237556,PUBLIC-RELATIONS,0,2,0,2,40.0,Moderate Fit
75329822,PUBLIC-RELATIONS,0,0,0,4,80.0,Strong Fit
11624880,PUBLIC-RELATIONS,0,3,0,1,20.0,Weak Fit
31211074,PUBLIC-RELATIONS,0,4,0,2,40.0,Moderate Fit
21669215,PUBLIC-RELATIONS,0,0,0,1,20.0,Weak Fit
19558834,PUBLIC-RELATIONS,0,3,0,2,40.0,Moderate Fit
53701275,PUBLIC-RELATIONS,10,4,0,3,60.0,Strong Fit
22455205,PUBLIC-RELATIONS,0,3,0,2,40.0,Moderate Fit
20966771,PUBLIC-RELATIONS,0,4,0,2,40.0,Moderate Fit
19072267,PUBLIC-RELATIONS,0,5,0,4,80.0,Strong Fit
21321598,PUBLIC-RELATIONS,0,4,1,3,60.0,Strong Fit
11842274,PUBLIC-RELATIONS,30,1,1,1,20.0,Weak Fit
21549195,PUBLIC-RELATIONS,0,3,0,3,60.0,Strong Fit
36671891,PUBLIC-RELATIONS,0,3,1,3,60.0,Strong Fit
51415089,PUBLIC-RELATIONS,0,3,0,1,20.0,Weak Fit
28531493,PUBLIC-RELATIONS,0,3,0,3,60.0,Strong Fit
16103783,PUBLIC-RELATIONS,0,3,1,2,40.0,Moderate Fit
11635137,PUBLIC-RELATIONS,0,3,0,2,40.0,Moderate Fit
13129275,PUBLIC-RELATIONS,0,3,0,2,40.0,Moderate Fit
20470943,PUBLIC-RELATIONS,0,3,0,2,40.0,Moderate Fit
23015611,PUBLIC-RELATIONS,10,3,1,2,40.0,Moderate Fit
34712719,PUBLIC-RELATIONS,0,1,0,3,60.0,Strong Fit
14910300,PUBLIC-RELATIONS,0,0,1,4,80.0,Strong Fit
21386255,PUBLIC-RELATIONS,0,3,0,1,20.0,Weak Fit
88651471,PUBLIC-RELATIONS,0,4,1,3,60.0,Strong Fit
22861181,PUBLIC-RELATIONS,0,4,0,2,40.0,Moderate Fit
45462344,PUBLIC-RELATIONS,0,4,0,2,40.0,Moderate Fit
24677466,PUBLIC-RELATIONS,17,4,0,2,40.0,Moderate Fit
23602130,PUBLIC-RELATIONS,6,0,0,1,20.0,Weak Fit
13915715,PUBLIC-RELATIONS,0,3,0,2,40.0,Moderate Fit
13727873,PUBLIC-RELATIONS,2,3,0,3,60.0,Strong Fit
93828034,PUBLIC-RELATIONS,20,4,0,4,80.0,Strong Fit
24491862,PUBLIC-RELATIONS,0,4,0,4,80.0,Strong Fit
29329075,PUBLIC-RELATIONS,0,4,3,2,40.0,Moderate Fit
33072201,PUBLIC-RELATIONS,15,4,4,3,60.0,Strong Fit
23631724,PUBLIC-RELATIONS,0,3,0,2,40.0,Moderate Fit
14611516,PUBLIC-RELATIONS,0,4,2,0,0.0,Weak Fit
32441790,PUBLIC-RELATIONS,0,3,0,3,60.0,Strong Fit
12237267,PUBLIC-RELATIONS,0,3,0,1,20.0,Weak Fit
42332765,PUBLIC-RELATIONS,0,3,0,3,60.0,Strong Fit
26127853,PUBLIC-RELATIONS,0,2,0,1,20.0,Weak Fit
10926726,PUBLIC-RELATIONS,0,3,0,4,80.0,Strong Fit
14966165,PUBLIC-RELATIONS,15,3,3,3,60.0,Strong Fit
22754014,PUBLIC-RELATIONS,0,2,0,1,20.0,Weak Fit
28975482,PUBLIC-RELATIONS,0,3,0,2,40.0,Moderate Fit
21663616,PUBLIC-RELATIONS,0,4,0,4,80.0,Strong Fit
10873344,PUBLIC-RELATIONS,0,3,0,2,40.0,Moderate Fit
41590605,PUBLIC-RELATIONS,0,3,0,3,60.0,Strong Fit
23048999,PUBLIC-RELATIONS,0,4,0,2,40.0,Moderate Fit
74552449,BANKING,0,4,0,3,60.0,Strong Fit
79041971,BANKING,0,1,0,1,20.0,Weak Fit
77156708,BANKING,0,4,0,3,60.0,Strong Fit
24580361,BANKING,0,3,0,3,60.0,Strong Fit
34953092,BANKING,0,4,0,0,0.0,Weak Fit
17189156,BANKING,6,1,0,2,40.0,Moderate Fit
19920687,BANKING,0,0,4,2,40.0,Moderate Fit
26579709,BANKING,10,3,0,4,80.0,Strong Fit
29093426,BANKING,17,4,0,2,40.0,Moderate Fit
33286293,BANKING,0,4,0,2,40.0,Moderate Fit
29552167,BANKING,7,3,0,3,60.0,Strong Fit
69243180,BANKING,10,4,1,2,40.0,Moderate Fit
26987539,BANKING,9,3,0,2,40.0,Moderate Fit
17276884,BANKING,0,3,0,4,80.0,Strong Fit
22615491,BANKING,0,3,2,1,20.0,Weak Fit
45167858,BANKING,7,2,1,2,40.0,Moderate Fit
13982572,BANKING,12,4,0,3,60.0,Strong Fit
3547447,BANKING,10,2,0,1,20.0,Weak Fit
98965485,BANKING,18,4,0,4,80.0,Strong Fit
38897568,BANKING,0,4,1,2,40.0,Moderate Fit
12021752,BANKING,0,3,0,1,20.0,Weak Fit
19149865,BANKING,0,4,0,2,40.0,Moderate Fit
29839396,BANKING,0,3,0,2,40.0,Moderate Fit
15856762,BANKING,0,4,2,3,60.0,Strong Fit
18208580,BANKING,6,3,3,3,60.0,Strong Fit
17396388,BANKING,15,3,0,1,20.0,Weak Fit
28419927,BANKING,2,4,1,2,40.0,Moderate Fit
87867370,BANKING,0,4,3,4,80.0,Strong Fit
27120528,BANKING,0,2,1,2,40.0,Moderate Fit
70667011,BANKING,0,2,0,2,40.0,Moderate Fit
36302399,BANKING,0,3,0,3,60.0,Strong Fit
89049979,BANKING,0,3,4,3,60.0,Strong Fit
43375498,BANKING,18,4,3,0,0.0,Weak Fit
30713796,BANKING,0,0,0,1,20.0,Weak Fit
18805506,BANKING,12,4,2,3,60.0,Strong Fit
39247950,BANKING,3,3,1,1,20.0,Weak Fit
30127072,BANKING,25,4,2,1,20.0,Weak Fit
11065180,BANKING,0,3,0,2,40.0,Moderate Fit
11637468,BANKING,25,1,1,3,60.0,Strong Fit
54421668,BANKING,0,2,0,2,40.0,Moderate Fit
13393401,BANKING,0,4,1,3,60.0,Strong Fit
71422121,BANKING,4,3,1,2,40.0,Moderate Fit
18457785,BANKING,0,4,0,4,80.0,Strong Fit
21856577,BANKING,0,2,0,4,80.0,Strong Fit
21645690,BANKING,20,3,0,3,60.0,Strong Fit
25780596,BANKING,26,3,0,2,40.0,Moderate Fit
34185495,BANKING,0,3,1,1,20.0,Weak Fit
35483925,BANKING,6,4,1,1,20.0,Weak Fit
19374660,BANKING,0,2,3,2,40.0,Moderate Fit
34758680,BANKING,0,4,1,3,60.0,Strong Fit
21297521,BANKING,18,3,0,3,60.0,Strong Fit
23323001,BANKING,0,0,3,3,60.0,Strong Fit
25080805,BANKING,0,4,4,3,60.0,Strong Fit
27606527,BANKING,12,0,2,1,20.0,Weak Fit
33872500,BANKING,0,4,0,0,0.0,Weak Fit
18172739,BANKING,0,4,0,4,80.0,Strong Fit
32980197,BANKING,0,3,0,3,60.0,Strong Fit
11672279,BANKING,0,0,1,2,40.0,Moderate Fit
33135102,BANKING,0,3,0,1,20.0,Weak Fit
20850529,BANKING,0,1,0,3,60.0,Strong Fit
34783330,BANKING,0,3,0,2,40.0,Moderate Fit
33370664,BANKING,0,3,1,1,20.0,Weak Fit
17823436,BANKING,0,4,1,2,40.0,Moderate Fit
15553584,BANKING,0,4,2,1,20.0,Weak Fit
39569771,BANKING,0,2,2,4,80.0,Strong Fit
11842348,BANKING,0,2,0,1,20.0,Weak Fit
36905896,BANKING,0,2,0,1,20.0,Weak Fit
13173522,BANKING,10,4,0,2,40.0,Moderate Fit
25624652,BANKING,7,4,0,1,20.0,Weak Fit
11262933,BANKING,0,2,3,2,40.0,Moderate Fit
10909673,BANKING,0,2,0,1,20.0,Weak Fit
98348532,BANKING,0,3,0,0,0.0,Weak Fit
19176318,BANKING,0,2,0,1,20.0,Weak Fit
17818707,BANKING,18,4,0,2,40.0,Moderate Fit
17213671,BANKING,0,3,3,2,40.0,Moderate Fit
31025785,BANKING,0,4,0,1,20.0,Weak Fit
60489316,BANKING,12,3,2,1,20.0,Weak Fit
60182829,BANKING,0,4,1,4,80.0,Strong Fit
21796843,BANKING,0,4,1,2,40.0,Moderate Fit
65864767,BANKING,0,0,8,4,80.0,Strong Fit
11773925,BANKING,10,4,0,1,20.0,Weak Fit
26673507,BANKING,0,4,3,3,60.0,Strong Fit
72876163,BANKING,0,4,1,3,60.0,Strong Fit
18824120,BANKING,0,4,0,3,60.0,Strong Fit
27884470,BANKING,0,4,0,1,20.0,Weak Fit
64589506,BANKING,10,4,0,2,40.0,Moderate Fit
29406313,BANKING,0,3,0,2,40.0,Moderate Fit
16300459,BANKING,0,4,0,1,20.0,Weak Fit
20992320,BANKING,0,4,0,1,20.0,Weak Fit
73157997,BANKING,0,3,0,2,40.0,Moderate Fit
28895997,BANKING,0,1,0,2,40.0,Moderate Fit
28051330,BANKING,7,4,0,0,0.0,Weak Fit
25162378,BANKING,0,3,0,4,80.0,Strong Fit
99124477,BANKING,7,4,3,1,20.0,Weak Fit
17131084,BANKING,8,3,0,2,40.0,Moderate Fit
19437318,BANKING,15,1,0,2,40.0,Moderate Fit
35564026,BANKING,0,3,0,1,20.0,Weak Fit
16407619,BANKING,0,2,2,2,40.0,Moderate Fit
10329506,BANKING,0,2,0,3,60.0,Strong Fit
19911786,BANKING,0,3,6,3,60.0,Strong Fit
96493528,BANKING,2,4,0,3,60.0,Strong Fit
35492909,BANKING,3,4,0,2,40.0,Moderate Fit
25200253,BANKING,0,4,4,1,20.0,Weak Fit
68781345,BANKING,0,0,2,3,60.0,Strong Fit
14391434,BANKING,15,4,3,3,60.0,Strong Fit
14626780,BANKING,0,4,3,2,40.0,Moderate Fit
28989677,BANKING,5,3,0,4,80.0,Strong Fit
41651672,BANKING,0,0,0,0,0.0,Weak Fit
18645964,BANKING,8,3,0,1,20.0,Weak Fit
18278509,BANKING,5,3,0,1,20.0,Weak Fit
18369400,BANKING,0,4,0,2,40.0,Moderate Fit
11266906,BANKING,20,3,1,2,40.0,Moderate Fit
31710562,BANKING,20,4,0,2,40.0,Moderate Fit
39142536,BANKING,0,3,1,1,20.0,Weak Fit
21756639,BANKING,0,5,0,1,20.0,Weak Fit
31273413,ARTS,0,4,1,3,60.0,Strong Fit
12386670,ARTS,22,4,5,2,40.0,Moderate Fit
93576192,ARTS,13,3,0,0,0.0,Weak Fit
15306049,ARTS,0,3,0,0,0.0,Weak Fit
31114531,ARTS,0,3,0,1,20.0,Weak Fit
21060367,ARTS,16,4,0,1,20.0,Weak Fit
17325147,ARTS,0,4,3,0,0.0,Weak Fit
23752500,ARTS,0,0,3,1,20.0,Weak Fit
20149476,ARTS,36,4,1,2,40.0,Moderate Fit
54100393,ARTS,0,4,1,2,40.0,Moderate Fit
11187796,ARTS,0,3,2,1,20.0,Weak Fit
39470264,ARTS,0,4,2,2,40.0,Moderate Fit
12413512,ARTS,0,4,1,3,60.0,Strong Fit
14879257,ARTS,0,4,0,1,20.0,Weak Fit
46055835,ARTS,0,4,1,1,20.0,Weak Fit
33344933,ARTS,2,3,1,1,20.0,Weak Fit
24983760,ARTS,0,4,3,3,60.0,Strong Fit
29148871,ARTS,4,4,4,2,40.0,Moderate Fit
28325193,ARTS,0,3,1,1,20.0,Weak Fit
15265464,ARTS,0,3,2,3,60.0,Strong Fit
24349611,ARTS,30,3,0,1,20.0,Weak Fit
19508520,ARTS,0,4,5,3,60.0,Strong Fit
22800977,ARTS,12,4,5,2,40.0,Moderate Fit
36758947,ARTS,2,3,0,4,80.0,Strong Fit
11555549,ARTS,11,4,0,1,20.0,Weak Fit
32318506,ARTS,0,0,3,0,0.0,Weak Fit
73497035,ARTS,0,4,0,2,40.0,Moderate Fit
12777487,ARTS,0,4,12,1,20.0,Weak Fit
36379931,ARTS,0,4,0,2,40.0,Moderate Fit
26069113,ARTS,0,3,0,0,0.0,Weak Fit
41950126,ARTS,0,3,0,3,60.0,Strong Fit
20488267,ARTS,0,4,1,1,20.0,Weak Fit
22593054,ARTS,20,0,0,2,40.0,Moderate Fit
25561640,ARTS,0,3,0,2,40.0,Moderate Fit
43622023,ARTS,0,4,0,2,40.0,Moderate Fit
18319061,ARTS,0,0,2,4,80.0,Strong Fit
25923361,ARTS,30,5,0,1,20.0,Weak Fit
18106533,ARTS,0,3,0,3,60.0,Strong Fit
50432401,ARTS,0,3,0,1,20.0,Weak Fit
19724031,ARTS,0,4,3,4,80.0,Strong Fit
28471099,ARTS,25,5,0,2,40.0,Moderate Fit
22848179,ARTS,0,4,0,2,40.0,Moderate Fit
37220856,ARTS,10,3,2,1,20.0,Weak Fit
78107631,ARTS,0,1,0,1,20.0,Weak Fit
21867728,ARTS,0,4,1,3,60.0,Strong Fit
37472265,ARTS,0,3,0,3,60.0,Strong Fit
17033567,ARTS,0,3,1,1,20.0,Weak Fit
19671909,ARTS,0,4,5,2,40.0,Moderate Fit
11995013,ARTS,0,2,6,3,60.0,Strong Fit
28629430,ARTS,7,4,0,1,20.0,Weak Fit
53227466,ARTS,20,3,4,0,0.0,Weak Fit
26079779,ARTS,0,2,0,2,40.0,Moderate Fit
83338413,ARTS,0,4,0,2,40.0,Moderate Fit
18029935,ARTS,0,4,3,2,40.0,Moderate Fit
16962067,ARTS,10,4,0,2,40.0,Moderate Fit
14150896,ARTS,0,3,0,1,20.0,Weak Fit
27936502,ARTS,4,4,1,1,20.0,Weak Fit
65325317,ARTS,35,4,6,3,60.0,Strong Fit
30594821,ARTS,0,2,3,2,40.0,Moderate Fit
27164756,ARTS,0,4,1,2,40.0,Moderate Fit
34146825,ARTS,0,2,0,2,40.0,Moderate Fit
99561379,ARTS,0,4,0,1,20.0,Weak Fit
54180474,ARTS,0,4,0,3,60.0,Strong Fit
37751611,ARTS,12,4,1,1,20.0,Weak Fit
73030450,ARTS,7,4,1,1,20.0,Weak Fit
39608848,ARTS,0,2,0,2,40.0,Moderate Fit
16244633,ARTS,10,4,8,4,80.0,Strong Fit
10830646,ARTS,15,4,3,3,60.0,Strong Fit
27024099,ARTS,20,3,0,4,80.0,Strong Fit
65352424,ARTS,0,4,0,4,80.0,Strong Fit
28711616,ARTS,0,4,0,1,20.0,Weak Fit
39064638,ARTS,0,1,2,1,20.0,Weak Fit
18586076,ARTS,18,4,0,2,40.0,Moderate Fit
13272204,ARTS,15,0,0,1,20.0,Weak Fit
11360471,ARTS,0,1,1,2,40.0,Moderate Fit
18885767,ARTS,0,4,0,3,60.0,Strong Fit
20698469,ARTS,0,4,0,0,0.0,Weak Fit
27715131,ARTS,0,4,0,2,40.0,Moderate Fit
32794700,ARTS,0,2,1,1,20.0,Weak Fit
23139437,ARTS,0,2,5,0,0.0,Weak Fit
23917826,ARTS,10,2,1,3,60.0,Strong Fit
20148147,ARTS,2,2,0,2,40.0,Moderate Fit
34304175,ARTS,0,2,2,3,60.0,Strong Fit
26410763,ARTS,0,3,0,1,20.0,Weak Fit
21809601,ARTS,6,3,0,2,40.0,Moderate Fit
27096796,ARTS,0,3,0,2,40.0,Moderate Fit
25157655,ARTS,0,3,0,2,40.0,Moderate Fit
25926667,ARTS,0,4,0,4,80.0,Strong Fit
20356750,ARTS,0,2,1,1,20.0,Weak Fit
24061629,ARTS,0,0,7,2,40.0,Moderate Fit
17694454,ARTS,2,2,0,4,80.0,Strong Fit
99033098,ARTS,0,2,0,2,40.0,Moderate Fit
38115035,ARTS,0,2,0,2,40.0,Moderate Fit
17857644,ARTS,0,4,1,2,40.0,Moderate Fit
12334650,ARTS,0,4,1,1,20.0,Weak Fit
36019469,ARTS,0,4,4,3,60.0,Strong Fit
79432080,ARTS,0,0,1,2,40.0,Moderate Fit
94230796,ARTS,0,2,1,3,60.0,Strong Fit
66226673,ARTS,0,3,0,0,0.0,Weak Fit
83206166,ARTS,0,3,3,3,60.0,Strong Fit
22182279,ARTS,0,2,0,2,40.0,Moderate Fit
16887936,ARTS,0,3,0,2,40.0,Moderate Fit
14248724,ARTS,0,4,1,0,0.0,Weak Fit
69458502,AVIATION,2,3,0,3,60.0,Strong Fit
82738323,AVIATION,0,2,1,1,20.0,Weak Fit
16833515,AVIATION,6,4,1,2,40.0,Moderate Fit
11804712,AVIATION,0,3,2,3,60.0,Strong Fit
21287405,AVIATION,0,3,1,1,20.0,Weak Fit
10176815,AVIATION,0,3,1,2,40.0,Moderate Fit
29221006,AVIATION,0,4,2,3,60.0,Strong Fit
23761385,AVIATION,4,4,0,2,40.0,Moderate Fit
38355831,AVIATION,0,4,0,0,0.0,Weak Fit
24773845,AVIATION,0,4,0,3,60.0,Strong Fit
17876954,AVIATION,8,2,0,2,40.0,Moderate Fit
36252245,AVIATION,20,4,0,3,60.0,Strong Fit
32720816,AVIATION,0,3,0,2,40.0,Moderate Fit
36727173,AVIATION,11,4,3,2,40.0,Moderate Fit
91431878,AVIATION,0,4,0,0,0.0,Weak Fit
42546558,AVIATION,0,3,0,3,60.0,Strong Fit
87826037,AVIATION,0,3,0,1,20.0,Weak Fit
17483843,AVIATION,6,4,1,3,60.0,Strong Fit
22232367,AVIATION,15,2,2,2,40.0,Moderate Fit
70198580,AVIATION,0,4,0,2,40.0,Moderate Fit
67631413,AVIATION,17,2,1,1,20.0,Weak Fit
26819872,AVIATION,0,4,3,2,40.0,Moderate Fit
13234267,AVIATION,0,4,1,3,60.0,Strong Fit
26888302,AVIATION,0,3,1,1,20.0,Weak Fit
13195436,AVIATION,8,4,1,4,80.0,Strong Fit
81588968,AVIATION,0,4,0,1,20.0,Weak Fit
18268860,AVIATION,18,0,0,0,0.0,Weak Fit
14790629,AVIATION,0,4,0,3,60.0,Strong Fit
12144825,AVIATION,7,3,1,3,60.0,Strong Fit
90318913,AVIATION,10,0,0,0,0.0,Weak Fit
26279402,AVIATION,0,0,0,1,20.0,Weak Fit
94137171,AVIATION,0,4,0,2,40.0,Moderate Fit
27902692,AVIATION,0,2,13,1,20.0,Weak Fit
28186635,AVIATION,0,1,1,1,20.0,Weak Fit
42641525,AVIATION,32,2,9,0,0.0,Weak Fit
34419403,AVIATION,0,1,0,2,40.0,Moderate Fit
43720116,AVIATION,0,4,0,1,20.0,Weak Fit
15618327,AVIATION,0,2,8,3,60.0,Strong Fit
14589288,AVIATION,16,1,1,1,20.0,Weak Fit
43408471,AVIATION,0,4,6,0,0.0,Weak Fit
38154903,AVIATION,0,4,3,0,0.0,Weak Fit
29167286,AVIATION,3,2,2,0,0.0,Weak Fit
11169163,AVIATION,26,4,0,0,0.0,Weak Fit
28383893,AVIATION,0,4,2,3,60.0,Strong Fit
20026169,AVIATION,0,4,5,3,60.0,Strong Fit
38047274,AVIATION,0,1,4,1,20.0,Weak Fit
16449694,AVIATION,3,3,0,2,40.0,Moderate Fit
11137306,AVIATION,0,2,1,2,40.0,Moderate Fit
19818707,AVIATION,0,4,0,3,60.0,Strong Fit
17274759,AVIATION,0,4,3,2,40.0,Moderate Fit
19506295,AVIATION,0,4,1,2,40.0,Moderate Fit
50775901,AVIATION,2,3,0,2,40.0,Moderate Fit
22990761,AVIATION,0,3,2,0,0.0,Weak Fit
10945968,AVIATION,20,3,1,1,20.0,Weak Fit
12192507,AVIATION,0,4,0,2,40.0,Moderate Fit
24154692,AVIATION,8,1,4,2,40.0,Moderate Fit
23985183,AVIATION,20,3,2,3,60.0,Strong Fit
29161565,AVIATION,3,0,3,3,60.0,Strong Fit
11333001,AVIATION,0,1,2,2,40.0,Moderate Fit
25718772,AVIATION,10,4,3,2,40.0,Moderate Fit
65219288,AVIATION,0,3,1,0,0.0,Weak Fit
27502951,AVIATION,14,4,13,0,0.0,Weak Fit
15823995,AVIATION,6,4,1,3,60.0,Strong Fit
22650051,AVIATION,0,4,0,2,40.0,Moderate Fit
24668861,AVIATION,0,3,1,2,40.0,Moderate Fit
42427521,AVIATION,0,4,0,2,40.0,Moderate Fit
96457008,AVIATION,0,0,1,0,0.0,Weak Fit
38989376,AVIATION,0,4,0,3,60.0,Strong Fit
13405229,AVIATION,0,3,0,1,20.0,Weak Fit
17686472,AVIATION,0,3,0,1,20.0,Weak Fit
54232810,AVIATION,0,4,1,0,0.0,Weak Fit
25719936,AVIATION,5,0,1,2,40.0,Moderate Fit
68216398,AVIATION,6,2,1,1,20.0,Weak Fit
17983430,AVIATION,0,2,0,1,20.0,Weak Fit
92283635,AVIATION,0,4,1,2,40.0,Moderate Fit
11614114,AVIATION,12,1,4,3,60.0,Strong Fit
61315605,AVIATION,0,3,2,0,0.0,Weak Fit
16850314,AVIATION,10,3,3,2,40.0,Moderate Fit
11959428,AVIATION,0,2,1,1,20.0,Weak Fit
10395944,AVIATION,0,3,1,2,40.0,Moderate Fit
10189110,AVIATION,15,4,8,2,40.0,Moderate Fit
10567764,AVIATION,0,2,2,1,20.0,Weak Fit
30148777,AVIATION,0,4,1,1,20.0,Weak Fit
24544244,AVIATION,0,3,2,3,60.0,Strong Fit
19284293,AVIATION,20,3,2,3,60.0,Strong Fit
11752500,AVIATION,20,3,1,3,60.0,Strong Fit
31536294,AVIATION,0,3,0,3,60.0,Strong Fit
22442947,AVIATION,5,1,0,2,40.0,Moderate Fit
27512470,AVIATION,0,4,0,3,60.0,Strong Fit
14874322,AVIATION,0,0,0,0,0.0,Weak Fit
23464505,AVIATION,0,4,0,0,0.0,Weak Fit
12504278,AVIATION,0,0,1,2,40.0,Moderate Fit
58048626,AVIATION,0,4,0,2,40.0,Moderate Fit
15684810,AVIATION,0,2,12,0,0.0,Weak Fit
17694572,AVIATION,0,4,1,1,20.0,Weak Fit
22168194,AVIATION,10,4,0,0,0.0,Weak Fit
29595906,AVIATION,4,1,4,2,40.0,Moderate Fit
77626587,AVIATION,0,3,0,4,80.0,Strong Fit
98389424,AVIATION,0,3,0,2,40.0,Moderate Fit
38663892,AVIATION,0,3,0,2,40.0,Moderate Fit
17152392,AVIATION,0,4,1,2,40.0,Moderate Fit
49646155,AVIATION,17,3,2,1,20.0,Weak Fit
33627938,AVIATION,0,4,4,0,0.0,Weak Fit
12904972,AVIATION,0,4,4,2,40.0,Moderate Fit
12239749,AVIATION,0,4,2,3,60.0,Strong Fit
16279537,AVIATION,0,4,1,2,40.0,Moderate Fit
17008356,AVIATION,5,4,0,0,0.0,Weak Fit
28020046,AVIATION,0,3,0,3,60.0,Strong Fit
25625173,AVIATION,25,0,1,1,20.0,Weak Fit
29534737,AVIATION,0,4,0,0,0.0,Weak Fit
17655479,AVIATION,3,1,0,2,40.0,Moderate Fit
12043694,AVIATION,0,4,7,1,20.0,Weak Fit
99416532,AVIATION,0,4,3,3,60.0,Strong Fit
24589765,AVIATION,0,3,0,3,60.0,Strong Fit
31605080,AVIATION,0,2,0,0,0.0,Weak Fit
21190805,AVIATION,5,3,0,1,20.0,Weak Fit
37473139,AVIATION,10,3,3,2,40.0,Moderate Fit
